# ************************************************************
# Sequel Pro SQL dump
# Version 4541
#
# http://www.sequelpro.com/
# https://github.com/sequelpro/sequelpro
#
# Host: 127.0.0.1 (MySQL 5.5.5-10.3.13-MariaDB)
# Database: agentquoter_store
# Generation Time: 2019-05-07 11:04:38 +0000
# ************************************************************


/*!40101 SET @OLD_CHARACTER_SET_CLIENT=@@CHARACTER_SET_CLIENT */;
/*!40101 SET @OLD_CHARACTER_SET_RESULTS=@@CHARACTER_SET_RESULTS */;
/*!40101 SET @OLD_COLLATION_CONNECTION=@@COLLATION_CONNECTION */;
/*!40101 SET NAMES utf8 */;
/*!40014 SET @OLD_FOREIGN_KEY_CHECKS=@@FOREIGN_KEY_CHECKS, FOREIGN_KEY_CHECKS=0 */;
/*!40101 SET @OLD_SQL_MODE=@@SQL_MODE, SQL_MODE='NO_AUTO_VALUE_ON_ZERO' */;
/*!40111 SET @OLD_SQL_NOTES=@@SQL_NOTES, SQL_NOTES=0 */;


# Dump of table account_quote
# ------------------------------------------------------------




LOCK TABLES `account_quote` WRITE;
/*!40000 ALTER TABLE `account_quote` DISABLE KEYS */;

INSERT INTO `account_quote` (`id`, `hostname`, `endpoint`, `client_id`, `password`, `site_num`, `grant_type`, `client_secret`)
VALUES
	(1,'http://149.28.45.153','/oauth2-server/token.php?','fdecker','fdecker','3','client_credentials','fdecker');

/*!40000 ALTER TABLE `account_quote` ENABLE KEYS */;
UNLOCK TABLES;


# Dump of table affiliate_ads
# ------------------------------------------------------------




LOCK TABLES `affiliate_ads` WRITE;
/*!40000 ALTER TABLE `affiliate_ads` DISABLE KEYS */;

INSERT INTO `affiliate_ads` (`id`, `affiliate_id`, `category_id`, `company_id`, `body`, `link`, `created_at`, `updated_at`)
VALUES
	(13,1,1,6,'Protect Life Check it Out','http://protective.com','2019-04-30 11:56:40','2019-04-30 15:35:30');

/*!40000 ALTER TABLE `affiliate_ads` ENABLE KEYS */;
UNLOCK TABLES;


# Dump of table affiliate_billing_coupon
# ------------------------------------------------------------




LOCK TABLES `affiliate_billing_coupon` WRITE;
/*!40000 ALTER TABLE `affiliate_billing_coupon` DISABLE KEYS */;

INSERT INTO `affiliate_billing_coupon` (`affiliate_coupon_id`, `billing_coupon_id`, `created_at`, `updated_at`)
VALUES
	(1,1,'2019-04-15 14:10:51','2019-04-15 14:10:51'),
	(2,1,'2019-04-15 14:10:55','2019-04-15 14:10:55'),
	(3,1,'2019-04-15 14:10:58','2019-04-15 14:10:58'),
	(4,1,'2019-04-15 14:11:08','2019-04-15 14:11:08');

/*!40000 ALTER TABLE `affiliate_billing_coupon` ENABLE KEYS */;
UNLOCK TABLES;


# Dump of table affiliate_coupon
# ------------------------------------------------------------




LOCK TABLES `affiliate_coupon` WRITE;
/*!40000 ALTER TABLE `affiliate_coupon` DISABLE KEYS */;

INSERT INTO `affiliate_coupon` (`id`, `affiliate_id`, `coupon`)
VALUES
	(1,1,'AGENTQUOTE'),
	(2,2,'LQD'),
	(3,3,'TRKing'),
	(4,4,'UW030119');

/*!40000 ALTER TABLE `affiliate_coupon` ENABLE KEYS */;
UNLOCK TABLES;


# Dump of table affiliate_group_users
# ------------------------------------------------------------



LOCK TABLES `affiliate_group_users` WRITE;
/*!40000 ALTER TABLE `affiliate_group_users` DISABLE KEYS */;

INSERT INTO `affiliate_group_users` (`id`, `affiliate_id`, `group_id`, `user_id`, `created_at`, `updated_at`)
VALUES
	(1,1,1,1,'2019-04-26 18:46:44','2019-04-25 06:38:09'),
	(3,1,63,7,'2019-04-26 22:45:00','2019-04-26 15:45:00'),
	(4,1,62,8,'2019-04-25 13:34:51','2019-04-25 06:34:51'),
	(5,1,1,22,'2019-04-17 23:24:17','2019-04-17 16:24:17'),
	(6,1,1,5,'2019-04-17 23:33:57','2019-04-17 16:33:57'),
	(7,2,4,5,'2019-04-17 23:33:57','2019-04-17 16:33:57'),
	(13,1,1,143,'2019-04-22 10:59:48','2019-04-22 10:59:48'),
	(14,1,1,144,'2019-04-22 11:01:13','2019-04-22 11:01:13'),
	(15,1,1,145,'2019-04-22 11:05:54','2019-04-22 11:05:54'),
	(16,1,62,146,'2019-04-22 22:24:29','2019-04-22 15:24:29'),
	(17,1,1,147,'2019-04-22 14:57:59','2019-04-22 14:57:59'),
	(18,1,1,148,'2019-04-24 14:30:06','2019-04-24 07:30:06'),
	(19,1,1,149,'2019-04-22 15:43:16','2019-04-22 15:43:16'),
	(20,1,1,150,'2019-04-22 15:45:13','2019-04-22 15:45:13'),
	(21,1,1,151,'2019-04-22 15:57:04','2019-04-22 15:57:04'),
	(22,1,1,152,'2019-04-22 15:59:41','2019-04-22 15:59:41'),
	(23,1,1,153,'2019-04-22 16:00:29','2019-04-22 16:00:29'),
	(24,1,1,154,'2019-04-22 16:26:16','2019-04-22 16:26:16'),
	(25,1,64,155,'2019-04-25 13:39:29','2019-04-25 06:39:29'),
	(26,1,1,156,'2019-04-25 06:56:08','2019-04-25 06:56:08'),
	(27,1,1,157,'2019-04-25 07:07:47','2019-04-25 07:07:47'),
	(28,1,1,158,'2019-04-25 07:10:05','2019-04-25 07:10:05'),
	(29,1,1,159,'2019-04-25 07:12:45','2019-04-25 07:12:45'),
	(30,1,1,160,'2019-04-25 08:11:24','2019-04-25 08:11:24'),
	(31,1,1,161,'2019-04-25 08:12:27','2019-04-25 08:12:27'),
	(32,1,1,162,'2019-04-25 08:16:55','2019-04-25 08:16:55'),
	(33,1,1,163,'2019-04-25 08:18:04','2019-04-25 08:18:04'),
	(34,1,1,164,'2019-04-25 08:19:07','2019-04-25 08:19:07'),
	(35,1,1,165,'2019-04-25 08:21:19','2019-04-25 08:21:19'),
	(36,1,1,166,'2019-04-25 08:22:14','2019-04-25 08:22:14'),
	(37,1,1,167,'2019-04-25 08:23:12','2019-04-25 08:23:12'),
	(38,1,1,168,'2019-04-25 08:26:45','2019-04-25 08:26:45'),
	(39,1,63,169,'2019-04-26 22:46:13','2019-04-26 15:46:13'),
	(40,1,1,170,'2019-04-25 08:33:32','2019-04-25 08:33:32'),
	(41,1,1,171,'2019-04-25 08:34:55','2019-04-25 08:34:55'),
	(42,1,1,172,'2019-04-25 08:36:26','2019-04-25 08:36:26'),
	(43,1,1,173,'2019-04-25 08:41:13','2019-04-25 08:41:13'),
	(44,1,1,175,'2019-04-25 08:43:38','2019-04-25 08:43:38'),
	(45,1,1,176,'2019-04-25 08:45:10','2019-04-25 08:45:10'),
	(46,1,1,177,'2019-04-26 16:07:11','2019-04-26 16:07:11'),
	(47,1,1,178,'2019-04-29 15:45:40','2019-04-29 15:45:40'),
	(48,1,63,9,'2019-04-30 11:19:30','2019-04-30 11:19:30');

/*!40000 ALTER TABLE `affiliate_group_users` ENABLE KEYS */;
UNLOCK TABLES;


# Dump of table affiliate_groups
# ------------------------------------------------------------



LOCK TABLES `affiliate_groups` WRITE;
/*!40000 ALTER TABLE `affiliate_groups` DISABLE KEYS */;

INSERT INTO `affiliate_groups` (`id`, `affiliate_id`, `name`, `description`, `created_at`, `updated_at`)
VALUES
	(1,1,'agent_quoter','Agent Quoter','2019-04-19 16:27:46','2019-04-19 09:27:46'),
	(23,2,'legacy','Legacy','0000-00-00 00:00:00','0000-00-00 00:00:00'),
	(62,1,'new_agent_quoter','New Agent Quoter','2019-04-22 15:24:29','2019-04-22 15:24:29'),
	(63,1,'cool_group','Cool Group','2019-04-24 11:24:57','2019-04-24 11:24:57'),
	(64,1,'aaaaacc','AAAAACC','2019-04-30 18:13:21','2019-04-30 11:13:21');

/*!40000 ALTER TABLE `affiliate_groups` ENABLE KEYS */;
UNLOCK TABLES;


# Dump of table affiliate_type_user
# ------------------------------------------------------------


LOCK TABLES `affiliate_type_user` WRITE;
/*!40000 ALTER TABLE `affiliate_type_user` DISABLE KEYS */;

INSERT INTO `affiliate_type_user` (`affiliate_id`, `affiliate_type_id`, `user_id`)
VALUES
	(1,1,3),
	(1,2,4),
	(1,3,5),
	(1,1,3),
	(1,2,4),
	(1,3,5);

/*!40000 ALTER TABLE `affiliate_type_user` ENABLE KEYS */;
UNLOCK TABLES;


# Dump of table affiliate_types
# ------------------------------------------------------------


LOCK TABLES `affiliate_types` WRITE;
/*!40000 ALTER TABLE `affiliate_types` DISABLE KEYS */;

INSERT INTO `affiliate_types` (`id`, `name`)
VALUES
	(1,'Super User'),
	(2,'Affiliate'),
	(3,'Administrator'),
	(4,'Manager'),
	(5,'User');

/*!40000 ALTER TABLE `affiliate_types` ENABLE KEYS */;
UNLOCK TABLES;


# Dump of table affiliates
# ------------------------------------------------------------


LOCK TABLES `affiliates` WRITE;
/*!40000 ALTER TABLE `affiliates` DISABLE KEYS */;

INSERT INTO `affiliates` (`id`, `name`, `active`, `user_id`, `created_at`, `updated_at`)
VALUES
	(1,'Agent Quote',1,5,'2018-12-11 17:26:16','2018-12-11 17:26:16'),
	(2,'Legacy',1,2,'2018-12-11 17:26:16','2018-12-11 17:26:16');

/*!40000 ALTER TABLE `affiliates` ENABLE KEYS */;
UNLOCK TABLES;


# Dump of table billing_coupons
# ------------------------------------------------------------


LOCK TABLES `billing_coupons` WRITE;
/*!40000 ALTER TABLE `billing_coupons` DISABLE KEYS */;

INSERT INTO `billing_coupons` (`id`, `coupon`, `created_at`, `updated_at`)
VALUES
	(1,'MMLQ','2018-12-12 00:00:00','2018-12-12 00:00:00');

/*!40000 ALTER TABLE `billing_coupons` ENABLE KEYS */;
UNLOCK TABLES;


# Dump of table card_subscriptions
# ------------------------------------------------------------



# Dump of table carrier_guides
# ------------------------------------------------------------


LOCK TABLES `carrier_guides` WRITE;
/*!40000 ALTER TABLE `carrier_guides` DISABLE KEYS */;

INSERT INTO `carrier_guides` (`id`, `company_id`, `name`, `url`, `guide_title`, `category_id`, `product`, `preferred`, `created_at`, `updated_at`)
VALUES
	(3,1,'Term Simple G','https://underwritten1','Termers',1,'Term Simple',1,'2019-02-24 17:00:00','2019-02-24 17:00:00'),
	(4,1,'Guide2','https://underwritten2',NULL,1,'Term Simple',1,'2019-02-24 17:00:00','2019-02-24 17:00:00'),
	(5,1,'Guide3','https://sit_1',NULL,2,'SI Term Simple',1,'2019-02-24 17:00:00','2019-02-24 17:00:00'),
	(6,1,'Guide4','https://sit_2',NULL,2,'SI Term Simple',1,'2019-02-24 17:00:00','2019-02-24 17:00:00'),
	(7,4,'Guide1a','https://underwritten1',NULL,1,'AG Term Simple',0,'2019-02-24 17:00:00','2019-02-24 17:00:00'),
	(8,4,'Guide2a','https://underwritten2',NULL,1,'AG Term Simple',0,'2019-02-24 17:00:00','2019-02-24 17:00:00'),
	(9,4,'Guide3a','https://sit_1',NULL,2,'AG SI Term Simple',1,'2019-02-24 17:00:00','2019-02-24 17:00:00'),
	(10,4,'Guide4a','https://sit_2',NULL,2,'AG SI Term Simple',0,'2019-02-24 17:00:00','2019-02-24 17:00:00'),
	(11,5,'Guide1b','https://underwritten1',NULL,1,'TA Term Simple',0,'2019-02-24 17:00:00','2019-02-24 17:00:00'),
	(12,5,'Guide2b','https://underwritten2',NULL,1,'TA Term Simple',1,'2019-02-24 17:00:00','2019-02-24 17:00:00'),
	(13,5,'Guide3b','https://sit_1',NULL,2,'TA SI Term Simple',0,'2019-02-24 17:00:00','2019-02-24 17:00:00'),
	(14,5,'Guide4b','https://sit_2',NULL,2,'TA SI Term Simple',1,'2019-02-24 17:00:00','2019-02-24 17:00:00'),
	(15,6,'Guide5b','https://underwritten1',NULL,1,'PROT Term Simple',0,'2019-02-24 17:00:00','2019-02-24 17:00:00'),
	(16,6,'Guide5b','https://underwritten2',NULL,1,'PROT Term Simple',1,'2019-02-24 17:00:00','2019-02-24 17:00:00'),
	(17,6,'Guide5b','https://sit_1',NULL,2,'PROT SI Term Simple',0,'2019-02-24 17:00:00','2019-02-24 17:00:00'),
	(18,6,'Guide5b','https://sit_2',NULL,2,'PROT SI Term Simple',1,'2019-02-24 17:00:00','2019-02-24 17:00:00');

/*!40000 ALTER TABLE `carrier_guides` ENABLE KEYS */;
UNLOCK TABLES;


# Dump of table carriers
# ------------------------------------------------------------



LOCK TABLES `carriers` WRITE;
/*!40000 ALTER TABLE `carriers` DISABLE KEYS */;

INSERT INTO `carriers` (`id`, `company_id`, `name`, `link1`, `link2`, `active`)
VALUES
	(82,1,'Banner Life Insurance Company','#AgentGuide','#eApp',1),
	(83,4,'American General Life Insurance Company','#AgentGuide','#eApp',1),
	(84,5,'Transamerica Life Insurance Company','#AgentGuide','#eApp',1),
	(85,6,'Protective Life Insurance Company','#AgentGuide','#eApp',1),
	(86,8,'PRUCO Life Insurance Company','#AgentGuide','#eApp',1),
	(87,9,'United of Omaha Life Insurance Company','#AgentGuide','#eApp',1),
	(88,11,'William Penn Life Insurance Company of NY','#AgentGuide','#eApp',1),
	(89,13,'United States Life Insurance Company in the City of New York','#AgentGuide','#eApp',1),
	(90,14,'PRUCO Life Insurance Company of NJ','#AgentGuide','#eApp',1),
	(91,16,'North American Company for Life and Health Insurance','#AgentGuide','#eApp',1),
	(92,17,'Brighthouse Financial','#AgentGuide','#eApp',1),
	(93,20,'Lincoln Financial Group NY','#AgentGuide','#eApp',1),
	(94,22,'Lincoln Financial Group','#AgentGuide','#eApp',1),
	(95,23,'Brighthouse Life Insurance Company of NY','#AgentGuide','#eApp',1),
	(96,24,'AXA Equitable Life Insurance Company','#AgentGuide','#eApp',1),
	(97,25,'Savings Bank Life Insurance Company of MA','#AgentGuide','#eApp',1),
	(98,26,'American National Insurance Company','#AgentGuide','#eApp',1),
	(99,27,'Symetra Life Insurance Company','#AgentGuide','#eApp',1),
	(100,28,'Cincinnati Life Insurance Company','#AgentGuide','#eApp',1),
	(101,29,'Principal Financial Group','#AgentGuide','#eApp',1),
	(102,30,'Principal Financial Group NY','#AgentGuide','#eApp',1),
	(103,31,'First Symetra National Life Insurance Company of New York','#AgentGuide','#eApp',1),
	(104,32,'American-Amicable Life Insurance Company of Texas','#AgentGuide','#eApp',1),
	(105,33,'Occidental Life Insurance Company of NC','#AgentGuide','#eApp',1),
	(106,34,'John Hancock Life Insurance Company USA','#AgentGuide','#eApp',1),
	(107,35,'John Hancock Life Insurance Company NY','#AgentGuide','#eApp',1),
	(108,36,'Foresters Life Insurance & Annuity','#AgentGuide','#eApp',1),
	(109,38,'Americo Financial Life & Annuity','#AgentGuide','#eApp',1),
	(110,39,'United Home Life Insurance Company','#AgentGuide','#eApp',1),
	(111,40,'The Baltimore Life Insurance Company','#AgentGuide','#eApp',1),
	(112,41,'Gerber Life Insurance Company','#AgentGuide','#eApp',1),
	(113,43,'Assurity Life Insurance Company','#AgentGuide','#eApp',1),
	(114,44,'Royal Neighbors of America','#AgentGuide','#eApp',1),
	(115,45,'Fidelity Life Association','#AgentGuide','#eApp',1),
	(116,46,'Liberty Bankers Life Insurance Company','#AgentGuide','#eApp',1),
	(117,47,'S.USA Life Insurance Company','#AgentGuide','#eApp',1),
	(118,48,'Oxford Life Insurance Company','#AgentGuide','#eApp',1),
	(119,49,'LifeShield National Insurance Company','#AgentGuide','#eApp',1),
	(120,50,'Kansas City Life Insurance Company','#AgentGuide','#eApp',1),
	(121,51,'PHL Variable Insurance Company','#AgentGuide','#eApp',1),
	(122,52,'Continental Life Brentwood TN','#AgentGuide','#eApp',1),
	(123,53,'American Continental Insurance Company','#AgentGuide','#eApp',1),
	(124,54,'Security National Life Ins Co','#AgentGuide','#eApp',1);

/*!40000 ALTER TABLE `carriers` ENABLE KEYS */;
UNLOCK TABLES;


# Dump of table carriers_categories
# ------------------------------------------------------------


LOCK TABLES `carriers_categories` WRITE;
/*!40000 ALTER TABLE `carriers_categories` DISABLE KEYS */;

INSERT INTO `carriers_categories` (`company_id`, `category_id`)
VALUES
	(1,1),
	(2,1),
	(3,1),
	(4,1),
	(4,4),
	(5,1),
	(5,4),
	(6,1),
	(7,1),
	(8,1),
	(9,1),
	(9,2),
	(9,4),
	(10,1),
	(11,1),
	(12,1),
	(13,1),
	(14,1),
	(15,1),
	(15,2),
	(15,4),
	(16,1),
	(17,1),
	(19,1),
	(20,1),
	(21,1),
	(22,1),
	(23,1),
	(24,1),
	(25,1),
	(25,4),
	(26,1),
	(27,1),
	(28,1),
	(29,1),
	(30,1),
	(31,1),
	(32,2),
	(32,4),
	(33,2),
	(33,4),
	(34,1),
	(35,1),
	(36,1),
	(36,2),
	(36,4),
	(37,1),
	(38,2),
	(38,4),
	(39,2),
	(39,4),
	(40,2),
	(41,4),
	(42,4),
	(43,1),
	(44,4),
	(45,4),
	(46,4),
	(47,4),
	(48,4),
	(49,4),
	(50,2),
	(51,1),
	(51,2),
	(51,4),
	(52,4),
	(53,4),
	(54,4);

/*!40000 ALTER TABLE `carriers_categories` ENABLE KEYS */;
UNLOCK TABLES;


# Dump of table carriers_category_users
# ------------------------------------------------------------



LOCK TABLES `carriers_category_users` WRITE;
/*!40000 ALTER TABLE `carriers_category_users` DISABLE KEYS */;

INSERT INTO `carriers_category_users` (`category_id`, `user_id`, `company_id`)
VALUES
	(1,1,1),
	(1,1,4),
	(1,1,5),
	(1,1,6),
	(1,1,8),
	(1,1,9),
	(1,1,11),
	(1,1,13),
	(1,1,14),
	(1,1,16),
	(1,1,17),
	(1,1,20),
	(1,1,22),
	(1,1,23),
	(1,1,24),
	(1,1,25),
	(1,1,26),
	(1,1,27),
	(1,1,28),
	(1,1,29),
	(1,1,30),
	(1,1,31),
	(1,1,34),
	(1,1,35),
	(1,1,36),
	(1,1,43),
	(1,1,51),
	(1,3,1),
	(1,3,4),
	(1,3,5),
	(1,3,6),
	(1,3,8),
	(1,3,9),
	(1,3,11),
	(1,3,13),
	(1,3,14),
	(1,3,16),
	(1,3,17),
	(1,3,20),
	(1,3,22),
	(1,3,23),
	(1,3,24),
	(1,3,25),
	(1,3,26),
	(1,3,27),
	(1,3,28),
	(1,3,29),
	(1,3,30),
	(1,3,31),
	(1,3,34),
	(1,3,35),
	(1,3,36),
	(1,3,43),
	(1,3,51),
	(1,6,1),
	(1,6,4),
	(1,6,5),
	(1,6,6),
	(1,6,8),
	(1,6,9),
	(1,6,11),
	(1,6,13),
	(1,6,14),
	(1,6,16),
	(1,6,17),
	(1,6,20),
	(1,6,22),
	(1,6,23),
	(1,6,24),
	(1,6,25),
	(1,6,26),
	(1,6,27),
	(1,6,28),
	(1,6,29),
	(1,6,30),
	(1,6,31),
	(1,6,34),
	(1,6,35),
	(1,6,36),
	(1,6,43),
	(1,6,51),
	(1,7,1),
	(1,7,4),
	(1,7,5),
	(1,7,6),
	(1,7,8),
	(1,7,9),
	(1,7,11),
	(1,7,13),
	(1,7,14),
	(1,7,16),
	(1,7,17),
	(1,7,20),
	(1,7,22),
	(1,7,23),
	(1,7,24),
	(1,7,25),
	(1,7,26),
	(1,7,27),
	(1,7,28),
	(1,7,29),
	(1,7,30),
	(1,7,31),
	(1,7,34),
	(1,7,35),
	(1,7,36),
	(1,7,43),
	(1,7,51),
	(1,8,1),
	(1,8,5),
	(1,8,8),
	(1,8,9),
	(1,8,11),
	(1,8,13),
	(1,8,14),
	(1,8,16),
	(1,8,17),
	(1,8,20),
	(1,8,22),
	(1,8,23),
	(1,8,24),
	(1,8,25),
	(1,8,26),
	(1,8,27),
	(1,8,28),
	(1,8,29),
	(1,8,30),
	(1,8,31),
	(1,8,34),
	(1,8,35),
	(1,8,36),
	(1,8,43),
	(1,8,51),
	(1,28,1),
	(1,28,4),
	(1,28,5),
	(1,28,8),
	(1,28,9),
	(1,28,11),
	(1,28,13),
	(1,28,14),
	(1,28,16),
	(1,28,17),
	(1,28,20),
	(1,28,22),
	(1,28,23),
	(1,28,24),
	(1,28,25),
	(1,28,26),
	(1,28,27),
	(1,28,28),
	(1,28,29),
	(1,28,30),
	(1,28,31),
	(1,28,36),
	(1,28,43),
	(1,28,51),
	(1,31,1),
	(1,31,4),
	(1,31,5),
	(1,31,6),
	(1,31,8),
	(1,31,9),
	(1,31,11),
	(1,31,13),
	(1,31,14),
	(1,31,16),
	(1,31,17),
	(1,31,20),
	(1,31,22),
	(1,31,23),
	(1,31,24),
	(1,31,25),
	(1,31,26),
	(1,31,27),
	(1,31,28),
	(1,31,29),
	(1,31,30),
	(1,31,31),
	(1,31,34),
	(1,31,35),
	(1,31,36),
	(1,31,43),
	(1,31,51),
	(1,34,1),
	(1,34,4),
	(1,34,5),
	(1,34,6),
	(1,34,8),
	(1,34,9),
	(1,34,11),
	(1,34,13),
	(1,34,14),
	(1,34,16),
	(1,34,17),
	(1,34,20),
	(1,34,22),
	(1,34,23),
	(1,34,24),
	(1,34,25),
	(1,34,26),
	(1,34,27),
	(1,34,28),
	(1,34,29),
	(1,34,30),
	(1,34,31),
	(1,34,34),
	(1,34,35),
	(1,34,36),
	(1,34,43),
	(1,34,51),
	(1,46,1),
	(1,46,4),
	(1,46,5),
	(1,46,6),
	(1,46,8),
	(1,46,9),
	(1,46,11),
	(1,46,13),
	(1,46,14),
	(1,46,16),
	(1,46,17),
	(1,46,20),
	(1,46,22),
	(1,46,23),
	(1,46,24),
	(1,46,25),
	(1,46,26),
	(1,46,27),
	(1,46,28),
	(1,46,29),
	(1,46,30),
	(1,46,31),
	(1,46,34),
	(1,46,35),
	(1,46,36),
	(1,46,43),
	(1,46,51),
	(1,49,4),
	(1,49,5),
	(1,49,9),
	(1,49,16),
	(1,49,26),
	(1,49,36),
	(1,49,43),
	(1,73,1),
	(1,73,4),
	(1,73,5),
	(1,73,9),
	(1,73,16),
	(1,73,26),
	(1,73,36),
	(1,73,43),
	(1,78,9),
	(1,78,36),
	(1,126,1),
	(1,126,4),
	(1,126,5),
	(1,126,6),
	(1,126,8),
	(1,126,9),
	(1,126,11),
	(1,126,13),
	(1,126,14),
	(1,126,16),
	(1,126,17),
	(1,126,20),
	(1,126,22),
	(1,126,23),
	(1,126,24),
	(1,126,25),
	(1,126,26),
	(1,126,27),
	(1,126,28),
	(1,126,29),
	(1,126,30),
	(1,126,31),
	(1,126,34),
	(1,126,35),
	(1,126,36),
	(1,126,43),
	(1,126,51),
	(1,127,1),
	(1,127,4),
	(1,127,5),
	(1,127,6),
	(1,127,8),
	(1,127,9),
	(1,127,11),
	(1,127,13),
	(1,127,14),
	(1,127,16),
	(1,127,17),
	(1,127,20),
	(1,127,22),
	(1,127,23),
	(1,127,24),
	(1,127,25),
	(1,127,26),
	(1,127,27),
	(1,127,28),
	(1,127,29),
	(1,127,30),
	(1,127,31),
	(1,127,34),
	(1,127,35),
	(1,127,36),
	(1,127,43),
	(1,127,51),
	(1,128,5),
	(1,128,9),
	(1,128,16),
	(1,128,26),
	(1,129,5),
	(1,129,9),
	(1,129,36),
	(2,1,9),
	(2,1,32),
	(2,1,33),
	(2,1,36),
	(2,1,38),
	(2,1,39),
	(2,1,40),
	(2,1,50),
	(2,1,51),
	(2,3,9),
	(2,3,32),
	(2,3,33),
	(2,3,36),
	(2,3,38),
	(2,3,39),
	(2,3,40),
	(2,3,50),
	(2,3,51),
	(2,6,9),
	(2,6,32),
	(2,6,36),
	(2,6,38),
	(2,6,39),
	(2,6,40),
	(2,7,9),
	(2,7,32),
	(2,7,33),
	(2,7,36),
	(2,7,38),
	(2,7,39),
	(2,7,40),
	(2,7,50),
	(2,7,51),
	(2,8,9),
	(2,8,33),
	(2,8,36),
	(2,8,38),
	(2,8,39),
	(2,8,40),
	(2,8,50),
	(2,8,51),
	(2,28,9),
	(2,28,32),
	(2,28,36),
	(2,28,38),
	(2,28,39),
	(2,28,40),
	(2,28,50),
	(2,28,51),
	(2,31,9),
	(2,31,32),
	(2,31,33),
	(2,31,36),
	(2,31,38),
	(2,31,39),
	(2,31,40),
	(2,31,50),
	(2,31,51),
	(2,34,9),
	(2,34,32),
	(2,34,33),
	(2,34,36),
	(2,34,38),
	(2,34,39),
	(2,34,40),
	(2,34,50),
	(2,34,51),
	(2,46,9),
	(2,46,32),
	(2,46,33),
	(2,46,36),
	(2,46,38),
	(2,46,39),
	(2,46,40),
	(2,46,50),
	(2,46,51),
	(2,49,9),
	(2,49,32),
	(2,49,33),
	(2,49,36),
	(2,49,38),
	(2,49,39),
	(2,49,40),
	(2,73,9),
	(2,73,32),
	(2,73,33),
	(2,73,36),
	(2,73,38),
	(2,78,9),
	(2,78,32),
	(2,78,33),
	(2,78,36),
	(2,78,39),
	(2,126,9),
	(2,126,32),
	(2,126,33),
	(2,126,36),
	(2,126,38),
	(2,126,39),
	(2,126,40),
	(2,126,50),
	(2,126,51),
	(2,127,9),
	(2,127,32),
	(2,127,33),
	(2,127,36),
	(2,127,38),
	(2,127,39),
	(2,127,40),
	(2,127,50),
	(2,127,51),
	(4,1,4),
	(4,1,5),
	(4,1,9),
	(4,1,25),
	(4,1,32),
	(4,1,33),
	(4,1,36),
	(4,1,38),
	(4,1,39),
	(4,1,41),
	(4,1,44),
	(4,1,45),
	(4,1,46),
	(4,1,47),
	(4,1,48),
	(4,1,49),
	(4,1,51),
	(4,1,52),
	(4,1,53),
	(4,1,54),
	(4,3,4),
	(4,3,5),
	(4,3,9),
	(4,3,25),
	(4,3,32),
	(4,3,33),
	(4,3,36),
	(4,3,38),
	(4,3,39),
	(4,3,41),
	(4,3,44),
	(4,3,45),
	(4,3,46),
	(4,3,47),
	(4,3,48),
	(4,3,49),
	(4,3,51),
	(4,3,52),
	(4,3,53),
	(4,3,54),
	(4,6,4),
	(4,6,5),
	(4,6,9),
	(4,6,25),
	(4,6,32),
	(4,6,33),
	(4,6,36),
	(4,6,38),
	(4,6,39),
	(4,6,41),
	(4,6,44),
	(4,6,45),
	(4,6,46),
	(4,6,47),
	(4,6,48),
	(4,6,49),
	(4,6,51),
	(4,6,52),
	(4,6,53),
	(4,6,54),
	(4,7,4),
	(4,7,5),
	(4,7,9),
	(4,7,25),
	(4,7,32),
	(4,7,33),
	(4,7,36),
	(4,7,38),
	(4,7,39),
	(4,7,41),
	(4,7,44),
	(4,7,45),
	(4,7,46),
	(4,7,47),
	(4,7,48),
	(4,7,49),
	(4,7,51),
	(4,7,52),
	(4,7,53),
	(4,7,54),
	(4,8,4),
	(4,8,9),
	(4,8,25),
	(4,8,32),
	(4,8,33),
	(4,8,36),
	(4,8,38),
	(4,8,39),
	(4,8,41),
	(4,8,44),
	(4,8,45),
	(4,8,46),
	(4,8,47),
	(4,8,48),
	(4,8,49),
	(4,8,51),
	(4,8,52),
	(4,8,53),
	(4,8,54),
	(4,28,4),
	(4,28,5),
	(4,28,9),
	(4,28,25),
	(4,28,32),
	(4,28,33),
	(4,28,36),
	(4,28,38),
	(4,28,39),
	(4,28,41),
	(4,28,44),
	(4,28,45),
	(4,28,46),
	(4,28,47),
	(4,28,52),
	(4,28,53),
	(4,31,4),
	(4,31,5),
	(4,31,9),
	(4,31,25),
	(4,31,32),
	(4,31,33),
	(4,31,36),
	(4,31,38),
	(4,31,39),
	(4,31,41),
	(4,31,44),
	(4,31,45),
	(4,31,46),
	(4,31,47),
	(4,31,48),
	(4,31,49),
	(4,31,51),
	(4,31,52),
	(4,31,53),
	(4,31,54),
	(4,34,4),
	(4,34,5),
	(4,34,9),
	(4,34,25),
	(4,34,32),
	(4,34,33),
	(4,34,36),
	(4,34,38),
	(4,34,39),
	(4,34,41),
	(4,34,44),
	(4,34,45),
	(4,34,46),
	(4,34,47),
	(4,34,48),
	(4,34,49),
	(4,34,51),
	(4,34,52),
	(4,34,53),
	(4,34,54),
	(4,46,4),
	(4,46,5),
	(4,46,9),
	(4,46,25),
	(4,46,32),
	(4,46,33),
	(4,46,36),
	(4,46,38),
	(4,46,39),
	(4,46,41),
	(4,46,44),
	(4,46,45),
	(4,46,46),
	(4,46,47),
	(4,46,48),
	(4,46,49),
	(4,46,51),
	(4,46,52),
	(4,46,53),
	(4,46,54),
	(4,49,4),
	(4,49,5),
	(4,49,9),
	(4,49,32),
	(4,49,33),
	(4,49,36),
	(4,49,38),
	(4,49,39),
	(4,49,41),
	(4,49,44),
	(4,49,45),
	(4,49,52),
	(4,49,53),
	(4,53,4),
	(4,53,5),
	(4,53,9),
	(4,53,25),
	(4,53,32),
	(4,53,33),
	(4,53,36),
	(4,53,38),
	(4,53,39),
	(4,53,41),
	(4,53,44),
	(4,53,45),
	(4,53,46),
	(4,53,47),
	(4,53,48),
	(4,53,49),
	(4,53,51),
	(4,53,52),
	(4,53,53),
	(4,53,54),
	(4,57,4),
	(4,57,5),
	(4,57,9),
	(4,57,25),
	(4,57,32),
	(4,57,33),
	(4,57,36),
	(4,57,38),
	(4,57,39),
	(4,57,41),
	(4,57,44),
	(4,57,45),
	(4,57,46),
	(4,57,47),
	(4,57,48),
	(4,57,49),
	(4,57,51),
	(4,57,52),
	(4,57,53),
	(4,57,54),
	(4,73,4),
	(4,73,5),
	(4,73,9),
	(4,73,32),
	(4,73,33),
	(4,73,36),
	(4,73,41),
	(4,73,44),
	(4,78,5),
	(4,78,9),
	(4,78,32),
	(4,78,33),
	(4,78,36),
	(4,78,39),
	(4,126,4),
	(4,126,5),
	(4,126,9),
	(4,126,25),
	(4,126,32),
	(4,126,33),
	(4,126,36),
	(4,126,38),
	(4,126,39),
	(4,126,41),
	(4,126,44),
	(4,126,45),
	(4,126,46),
	(4,126,47),
	(4,126,48),
	(4,126,49),
	(4,126,51),
	(4,126,52),
	(4,126,53),
	(4,126,54),
	(4,127,4),
	(4,127,5),
	(4,127,9),
	(4,127,25),
	(4,127,32),
	(4,127,33),
	(4,127,36),
	(4,127,38),
	(4,127,39),
	(4,127,41),
	(4,127,44),
	(4,127,45),
	(4,127,46),
	(4,127,47),
	(4,127,48),
	(4,127,49),
	(4,127,51),
	(4,127,52),
	(4,127,53),
	(4,127,54),
	(4,129,4),
	(4,129,5),
	(4,129,9),
	(4,129,32),
	(4,129,36),
	(4,129,44),
	(4,129,45);

/*!40000 ALTER TABLE `carriers_category_users` ENABLE KEYS */;
UNLOCK TABLES;


# Dump of table carriers_popular
# ------------------------------------------------------------



LOCK TABLES `carriers_popular` WRITE;
/*!40000 ALTER TABLE `carriers_popular` DISABLE KEYS */;

INSERT INTO `carriers_popular` (`id`, `company_id`, `created_at`, `updated_at`)
VALUES
	(1,1,'2019-02-27 00:00:00','2019-02-27 00:00:00'),
	(2,4,'2019-02-27 00:00:00','2019-02-27 00:00:00'),
	(3,5,'2019-02-27 00:00:00','2019-02-27 00:00:00');

/*!40000 ALTER TABLE `carriers_popular` ENABLE KEYS */;
UNLOCK TABLES;


# Dump of table carriers_quote
# ------------------------------------------------------------


LOCK TABLES `carriers_quote` WRITE;
/*!40000 ALTER TABLE `carriers_quote` DISABLE KEYS */;

INSERT INTO `carriers_quote` (`id`, `quote_id`, `data`, `created_at`, `updated_at`)
VALUES
	(16,35,'a:19:{i:0;i:6;i:1;i:25;i:2;i:4;i:3;i:6;i:4;i:5;i:5;i:16;i:6;i:29;i:7;i:9;i:8;i:27;i:9;i:26;i:10;i:36;i:11;i:1;i:12;i:34;i:13;i:28;i:14;i:22;i:15;i:34;i:16;i:43;i:17;i:8;i:18;i:51;}','2019-04-26 16:20:11','2019-04-26 16:20:11'),
	(17,36,'a:5:{i:0;i:33;i:1;i:36;i:2;i:9;i:3;i:51;i:4;i:33;}','2019-04-26 16:21:44','2019-04-26 16:21:44'),
	(18,37,'a:19:{i:0;i:6;i:1;i:25;i:2;i:6;i:3;i:5;i:4;i:4;i:5;i:29;i:6;i:16;i:7;i:9;i:8;i:27;i:9;i:26;i:10;i:36;i:11;i:1;i:12;i:34;i:13;i:28;i:14;i:34;i:15;i:22;i:16;i:43;i:17;i:8;i:18;i:51;}','2019-04-27 16:06:20','2019-04-27 16:06:20'),
	(19,38,'a:19:{i:0;i:6;i:1;i:25;i:2;i:6;i:3;i:4;i:4;i:29;i:5;i:16;i:6;i:36;i:7;i:26;i:8;i:27;i:9;i:9;i:10;i:5;i:11;i:34;i:12;i:1;i:13;i:34;i:14;i:28;i:15;i:43;i:16;i:22;i:17;i:8;i:18;i:51;}','2019-04-27 16:07:04','2019-04-27 16:07:04'),
	(20,39,'a:19:{i:0;i:6;i:1;i:25;i:2;i:6;i:3;i:4;i:4;i:29;i:5;i:16;i:6;i:36;i:7;i:26;i:8;i:27;i:9;i:9;i:10;i:5;i:11;i:34;i:12;i:1;i:13;i:34;i:14;i:28;i:15;i:43;i:16;i:22;i:17;i:8;i:18;i:51;}','2019-04-27 16:10:16','2019-04-27 16:10:16'),
	(21,40,'a:19:{i:0;i:6;i:1;i:25;i:2;i:6;i:3;i:4;i:4;i:29;i:5;i:16;i:6;i:36;i:7;i:26;i:8;i:27;i:9;i:9;i:10;i:5;i:11;i:34;i:12;i:1;i:13;i:34;i:14;i:28;i:15;i:43;i:16;i:22;i:17;i:8;i:18;i:51;}','2019-04-27 16:11:43','2019-04-27 16:11:43'),
	(22,41,'a:19:{i:0;i:6;i:1;i:25;i:2;i:6;i:3;i:4;i:4;i:29;i:5;i:16;i:6;i:36;i:7;i:26;i:8;i:27;i:9;i:9;i:10;i:5;i:11;i:34;i:12;i:1;i:13;i:34;i:14;i:28;i:15;i:43;i:16;i:22;i:17;i:8;i:18;i:51;}','2019-04-27 16:15:13','2019-04-27 16:15:13'),
	(23,42,'a:19:{i:0;i:6;i:1;i:25;i:2;i:6;i:3;i:4;i:4;i:29;i:5;i:16;i:6;i:36;i:7;i:26;i:8;i:27;i:9;i:9;i:10;i:5;i:11;i:34;i:12;i:1;i:13;i:34;i:14;i:28;i:15;i:43;i:16;i:22;i:17;i:8;i:18;i:51;}','2019-04-27 16:15:18','2019-04-27 16:15:18'),
	(24,43,'a:19:{i:0;i:6;i:1;i:25;i:2;i:6;i:3;i:4;i:4;i:29;i:5;i:16;i:6;i:36;i:7;i:26;i:8;i:27;i:9;i:9;i:10;i:5;i:11;i:34;i:12;i:1;i:13;i:34;i:14;i:28;i:15;i:43;i:16;i:22;i:17;i:8;i:18;i:51;}','2019-04-27 16:16:21','2019-04-27 16:16:21'),
	(25,44,'a:19:{i:0;i:6;i:1;i:25;i:2;i:6;i:3;i:4;i:4;i:29;i:5;i:16;i:6;i:36;i:7;i:26;i:8;i:27;i:9;i:9;i:10;i:5;i:11;i:34;i:12;i:1;i:13;i:34;i:14;i:28;i:15;i:43;i:16;i:22;i:17;i:8;i:18;i:51;}','2019-04-27 16:16:23','2019-04-27 16:16:23'),
	(26,45,'a:19:{i:0;i:6;i:1;i:25;i:2;i:6;i:3;i:4;i:4;i:29;i:5;i:16;i:6;i:36;i:7;i:26;i:8;i:27;i:9;i:9;i:10;i:5;i:11;i:34;i:12;i:1;i:13;i:34;i:14;i:28;i:15;i:43;i:16;i:22;i:17;i:8;i:18;i:51;}','2019-04-27 16:16:31','2019-04-27 16:16:31'),
	(27,46,'a:19:{i:0;i:6;i:1;i:25;i:2;i:6;i:3;i:4;i:4;i:29;i:5;i:16;i:6;i:36;i:7;i:26;i:8;i:27;i:9;i:9;i:10;i:5;i:11;i:34;i:12;i:1;i:13;i:34;i:14;i:28;i:15;i:43;i:16;i:22;i:17;i:8;i:18;i:51;}','2019-04-27 16:16:55','2019-04-27 16:16:55'),
	(28,47,'a:15:{i:0;i:36;i:1;i:29;i:2;i:43;i:3;i:28;i:4;i:25;i:5;i:1;i:6;i:6;i:7;i:16;i:8;i:4;i:9;i:9;i:10;i:5;i:11;i:8;i:12;i:6;i:13;i:51;i:14;i:26;}','2019-04-27 16:41:48','2019-04-27 16:41:48'),
	(29,48,'a:17:{i:0;i:25;i:1;i:28;i:2;i:4;i:3;i:1;i:4;i:6;i:5;i:36;i:6;i:29;i:7;i:8;i:8;i:9;i:9;i:43;i:10;i:5;i:11;i:27;i:12;i:16;i:13;i:26;i:14;i:6;i:15;i:22;i:16;i:51;}','2019-04-27 16:42:50','2019-04-27 16:42:50'),
	(30,49,'a:16:{i:0;i:1;i:1;i:36;i:2;i:6;i:3;i:25;i:4;i:43;i:5;i:6;i:6;i:28;i:7;i:9;i:8;i:4;i:9;i:16;i:10;i:34;i:11;i:34;i:12;i:5;i:13;i:8;i:14;i:26;i:15;i:51;}','2019-04-29 16:05:29','2019-04-29 16:05:29'),
	(31,50,'a:0:{}','2019-04-29 16:11:08','2019-04-29 16:11:08'),
	(32,51,'a:2:{i:0;i:4;i:1;i:1;}','2019-04-29 16:11:21','2019-04-29 16:11:21'),
	(33,52,'a:17:{i:0;i:29;i:1;i:1;i:2;i:6;i:3;i:25;i:4;i:16;i:5;i:36;i:6;i:43;i:7;i:28;i:8;i:4;i:9;i:34;i:10;i:34;i:11;i:9;i:12;i:6;i:13;i:8;i:14;i:5;i:15;i:26;i:16;i:51;}','2019-04-29 16:21:36','2019-04-29 16:21:36'),
	(34,53,'a:8:{i:0;i:28;i:1;i:36;i:2;i:1;i:3;i:25;i:4;i:4;i:5;i:6;i:6;i:6;i:7;i:5;}','2019-04-29 19:31:39','2019-04-29 19:31:39'),
	(35,54,'a:8:{i:0;i:28;i:1;i:4;i:2;i:1;i:3;i:6;i:4;i:25;i:5;i:5;i:6;i:36;i:7;i:6;}','2019-04-29 19:31:47','2019-04-29 19:31:47'),
	(36,55,'a:16:{i:0;i:28;i:1;i:25;i:2;i:4;i:3;i:1;i:4;i:6;i:5;i:5;i:6;i:29;i:7;i:8;i:8;i:9;i:9;i:16;i:10;i:27;i:11;i:36;i:12;i:6;i:13;i:26;i:14;i:43;i:15;i:22;}','2019-04-29 19:31:58','2019-04-29 19:31:58'),
	(37,56,'a:16:{i:0;i:6;i:1;i:36;i:2;i:6;i:3;i:1;i:4;i:25;i:5;i:16;i:6;i:43;i:7;i:34;i:8;i:34;i:9;i:9;i:10;i:28;i:11;i:4;i:12;i:5;i:13;i:8;i:14;i:26;i:15;i:51;}','2019-04-29 19:37:45','2019-04-29 19:37:45'),
	(38,57,'a:19:{i:0;i:6;i:1;i:25;i:2;i:6;i:3;i:29;i:4;i:16;i:5;i:4;i:6;i:36;i:7;i:26;i:8;i:27;i:9;i:9;i:10;i:34;i:11;i:5;i:12;i:1;i:13;i:34;i:14;i:28;i:15;i:43;i:16;i:22;i:17;i:8;i:18;i:51;}','2019-04-29 19:37:54','2019-04-29 19:37:54'),
	(39,58,'a:16:{i:0;i:28;i:1;i:25;i:2;i:4;i:3;i:1;i:4;i:5;i:5;i:6;i:6;i:29;i:7;i:36;i:8;i:9;i:9;i:6;i:10;i:16;i:11;i:27;i:12;i:26;i:13;i:43;i:14;i:22;i:15;i:8;}','2019-04-29 19:38:04','2019-04-29 19:38:04'),
	(40,59,'a:16:{i:0;i:6;i:1;i:36;i:2;i:1;i:3;i:6;i:4;i:16;i:5;i:25;i:6;i:34;i:7;i:4;i:8;i:34;i:9;i:28;i:10;i:9;i:11;i:43;i:12;i:5;i:13;i:8;i:14;i:26;i:15;i:51;}','2019-04-29 20:29:26','2019-04-29 20:29:26'),
	(41,60,'a:16:{i:0;i:6;i:1;i:36;i:2;i:1;i:3;i:6;i:4;i:16;i:5;i:25;i:6;i:34;i:7;i:4;i:8;i:34;i:9;i:28;i:10;i:9;i:11;i:43;i:12;i:5;i:13;i:8;i:14;i:26;i:15;i:51;}','2019-04-29 20:30:08','2019-04-29 20:30:08'),
	(42,61,'a:19:{i:0;i:6;i:1;i:6;i:2;i:29;i:3;i:25;i:4;i:16;i:5;i:4;i:6;i:9;i:7;i:34;i:8;i:26;i:9;i:1;i:10;i:34;i:11;i:36;i:12;i:27;i:13;i:28;i:14;i:8;i:15;i:5;i:16;i:43;i:17;i:22;i:18;i:51;}','2019-04-29 20:30:13','2019-04-29 20:30:13'),
	(43,64,'a:16:{i:0;i:6;i:1;i:36;i:2;i:6;i:3;i:1;i:4;i:16;i:5;i:25;i:6;i:43;i:7;i:34;i:8;i:34;i:9;i:9;i:10;i:28;i:11;i:4;i:12;i:5;i:13;i:8;i:14;i:26;i:15;i:51;}','2019-04-29 20:59:42','2019-04-29 20:59:42'),
	(44,65,'a:8:{i:0;i:1;i:1;i:28;i:2;i:6;i:3;i:4;i:4;i:25;i:5;i:6;i:6;i:5;i:7;i:36;}','2019-04-30 06:29:26','2019-04-30 06:29:26'),
	(45,66,'a:8:{i:0;i:1;i:1;i:6;i:2;i:4;i:3;i:28;i:4;i:6;i:5;i:25;i:6;i:36;i:7;i:5;}','2019-04-30 06:48:13','2019-04-30 06:48:13'),
	(46,67,'a:19:{i:0;i:6;i:1;i:6;i:2;i:25;i:3;i:4;i:4;i:16;i:5;i:29;i:6;i:36;i:7;i:26;i:8;i:5;i:9;i:27;i:10;i:9;i:11;i:34;i:12;i:1;i:13;i:34;i:14;i:28;i:15;i:43;i:16;i:22;i:17;i:8;i:18;i:51;}','2019-04-30 09:20:55','2019-04-30 09:20:55'),
	(47,68,'a:18:{i:0;i:6;i:1;i:4;i:2;i:25;i:3;i:29;i:4;i:5;i:5;i:16;i:6;i:27;i:7;i:6;i:8;i:9;i:9;i:26;i:10;i:36;i:11;i:1;i:12;i:34;i:13;i:22;i:14;i:28;i:15;i:34;i:16;i:43;i:17;i:8;}','2019-04-30 09:21:20','2019-04-30 09:21:20'),
	(48,69,'a:5:{i:0;i:43;i:1;i:28;i:2;i:51;i:3;i:5;i:4;i:26;}','2019-04-30 09:21:42','2019-04-30 09:21:42'),
	(49,70,'a:5:{i:0;i:33;i:1;i:36;i:2;i:33;i:3;i:51;i:4;i:9;}','2019-04-30 09:21:56','2019-04-30 09:21:56'),
	(50,71,'a:16:{i:0;i:6;i:1;i:36;i:2;i:1;i:3;i:16;i:4;i:25;i:5;i:43;i:6;i:6;i:7;i:34;i:8;i:34;i:9;i:9;i:10;i:28;i:11;i:4;i:12;i:5;i:13;i:8;i:14;i:26;i:15;i:51;}','2019-04-30 09:30:30','2019-04-30 09:30:30'),
	(51,72,'a:16:{i:0;i:6;i:1;i:36;i:2;i:25;i:3;i:1;i:4;i:16;i:5;i:43;i:6;i:6;i:7;i:34;i:8;i:34;i:9;i:28;i:10;i:9;i:11;i:4;i:12;i:5;i:13;i:8;i:14;i:26;i:15;i:51;}','2019-04-30 09:32:25','2019-04-30 09:32:25'),
	(52,73,'a:18:{i:0;i:25;i:1;i:6;i:2;i:4;i:3;i:29;i:4;i:16;i:5;i:6;i:6;i:5;i:7;i:27;i:8;i:36;i:9;i:26;i:10;i:9;i:11;i:34;i:12;i:22;i:13;i:28;i:14;i:34;i:15;i:1;i:16;i:43;i:17;i:8;}','2019-04-30 09:32:33','2019-04-30 09:32:33'),
	(53,74,'a:18:{i:0;i:25;i:1;i:6;i:2;i:4;i:3;i:29;i:4;i:16;i:5;i:27;i:6;i:5;i:7;i:36;i:8;i:6;i:9;i:26;i:10;i:9;i:11;i:34;i:12;i:22;i:13;i:28;i:14;i:34;i:15;i:1;i:16;i:43;i:17;i:8;}','2019-04-30 09:32:53','2019-04-30 09:32:53'),
	(54,75,'a:2:{i:0;i:4;i:1;i:1;}','2019-04-30 09:33:13','2019-04-30 09:33:13'),
	(55,76,'a:11:{i:0;i:33;i:1;i:36;i:2;i:51;i:3;i:33;i:4;i:9;i:5;i:40;i:6;i:38;i:7;i:50;i:8;i:38;i:9;i:38;i:10;i:38;}','2019-04-30 09:33:24','2019-04-30 09:33:24'),
	(56,77,'a:19:{i:0;i:6;i:1;i:6;i:2;i:29;i:3;i:25;i:4;i:16;i:5;i:4;i:6;i:9;i:7;i:34;i:8;i:26;i:9;i:1;i:10;i:34;i:11;i:36;i:12;i:27;i:13;i:28;i:14;i:8;i:15;i:5;i:16;i:43;i:17;i:22;i:18;i:51;}','2019-04-30 09:54:40','2019-04-30 09:54:40'),
	(57,78,'a:0:{}','2019-04-30 09:55:01','2019-04-30 09:55:01'),
	(58,79,'a:2:{i:0;i:4;i:1;i:1;}','2019-04-30 09:55:10','2019-04-30 09:55:10'),
	(59,80,'a:2:{i:0;i:4;i:1;i:1;}','2019-04-30 09:55:16','2019-04-30 09:55:16'),
	(60,81,'a:2:{i:0;i:4;i:1;i:1;}','2019-04-30 09:55:23','2019-04-30 09:55:23'),
	(61,82,'a:2:{i:0;i:4;i:1;i:1;}','2019-04-30 09:55:31','2019-04-30 09:55:31'),
	(62,83,'a:16:{i:0;i:6;i:1;i:6;i:2;i:36;i:3;i:1;i:4;i:16;i:5;i:25;i:6;i:34;i:7;i:4;i:8;i:34;i:9;i:28;i:10;i:9;i:11;i:43;i:12;i:5;i:13;i:8;i:14;i:26;i:15;i:51;}','2019-04-30 10:00:24','2019-04-30 10:00:24'),
	(63,84,'a:16:{i:0;i:6;i:1;i:6;i:2;i:36;i:3;i:1;i:4;i:16;i:5;i:25;i:6;i:34;i:7;i:4;i:8;i:34;i:9;i:28;i:10;i:9;i:11;i:43;i:12;i:5;i:13;i:8;i:14;i:26;i:15;i:51;}','2019-04-30 10:01:18','2019-04-30 10:01:18'),
	(64,85,'a:5:{i:0;i:43;i:1;i:28;i:2;i:51;i:3;i:5;i:4;i:26;}','2019-04-30 10:01:59','2019-04-30 10:01:59'),
	(65,86,'a:5:{i:0;i:43;i:1;i:28;i:2;i:51;i:3;i:5;i:4;i:26;}','2019-04-30 10:02:04','2019-04-30 10:02:04'),
	(66,87,'a:5:{i:0;i:43;i:1;i:28;i:2;i:51;i:3;i:5;i:4;i:26;}','2019-04-30 10:02:08','2019-04-30 10:02:08'),
	(67,88,'a:5:{i:0;i:43;i:1;i:28;i:2;i:51;i:3;i:5;i:4;i:26;}','2019-04-30 10:02:13','2019-04-30 10:02:13'),
	(68,89,'a:5:{i:0;i:43;i:1;i:28;i:2;i:51;i:3;i:5;i:4;i:26;}','2019-04-30 10:04:29','2019-04-30 10:04:29'),
	(69,90,'a:5:{i:0;i:33;i:1;i:36;i:2;i:51;i:3;i:9;i:4;i:33;}','2019-04-30 10:04:36','2019-04-30 10:04:36'),
	(70,91,'a:4:{i:0;i:49;i:1;i:51;i:2;i:39;i:3;i:5;}','2019-04-30 10:04:44','2019-04-30 10:04:44'),
	(71,92,'a:5:{i:0;i:43;i:1;i:28;i:2;i:51;i:3;i:5;i:4;i:26;}','2019-04-30 10:28:04','2019-04-30 10:28:04'),
	(72,93,'a:5:{i:0;i:43;i:1;i:28;i:2;i:51;i:3;i:5;i:4;i:26;}','2019-04-30 10:49:01','2019-04-30 10:49:01'),
	(73,94,'a:5:{i:0;i:43;i:1;i:28;i:2;i:51;i:3;i:5;i:4;i:26;}','2019-04-30 10:50:02','2019-04-30 10:50:02'),
	(74,95,'a:17:{i:0;i:6;i:1;i:25;i:2;i:29;i:3;i:5;i:4;i:16;i:5;i:27;i:6;i:6;i:7;i:9;i:8;i:26;i:9;i:36;i:10;i:1;i:11;i:34;i:12;i:22;i:13;i:28;i:14;i:34;i:15;i:43;i:16;i:8;}','2019-04-30 11:35:14','2019-04-30 11:35:14'),
	(75,96,'a:17:{i:0;i:6;i:1;i:25;i:2;i:5;i:3;i:6;i:4;i:29;i:5;i:16;i:6;i:9;i:7;i:27;i:8;i:26;i:9;i:36;i:10;i:1;i:11;i:34;i:12;i:28;i:13;i:34;i:14;i:22;i:15;i:43;i:16;i:8;}','2019-04-30 12:05:01','2019-04-30 12:05:01'),
	(76,97,'a:17:{i:0;i:6;i:1;i:25;i:2;i:5;i:3;i:6;i:4;i:29;i:5;i:16;i:6;i:9;i:7;i:27;i:8;i:26;i:9;i:36;i:10;i:1;i:11;i:34;i:12;i:28;i:13;i:34;i:14;i:22;i:15;i:43;i:16;i:8;}','2019-04-30 12:07:12','2019-04-30 12:07:12'),
	(77,98,'a:17:{i:0;i:6;i:1;i:25;i:2;i:5;i:3;i:29;i:4;i:6;i:5;i:16;i:6;i:27;i:7;i:9;i:8;i:26;i:9;i:36;i:10;i:1;i:11;i:34;i:12;i:28;i:13;i:22;i:14;i:34;i:15;i:43;i:16;i:8;}','2019-04-30 12:13:31','2019-04-30 12:13:31'),
	(78,99,'a:17:{i:0;i:6;i:1;i:25;i:2;i:5;i:3;i:29;i:4;i:6;i:5;i:16;i:6;i:27;i:7;i:9;i:8;i:26;i:9;i:36;i:10;i:1;i:11;i:34;i:12;i:28;i:13;i:22;i:14;i:34;i:15;i:43;i:16;i:8;}','2019-04-30 12:13:54','2019-04-30 12:13:54'),
	(79,100,'a:18:{i:0;i:6;i:1;i:25;i:2;i:6;i:3;i:29;i:4;i:16;i:5;i:36;i:6;i:26;i:7;i:27;i:8;i:9;i:9;i:5;i:10;i:34;i:11;i:1;i:12;i:34;i:13;i:28;i:14;i:43;i:15;i:22;i:16;i:8;i:17;i:51;}','2019-04-30 12:16:38','2019-04-30 12:16:38'),
	(80,101,'a:18:{i:0;i:6;i:1;i:25;i:2;i:29;i:3;i:16;i:4;i:36;i:5;i:26;i:6;i:6;i:7;i:27;i:8;i:9;i:9;i:34;i:10;i:34;i:11;i:1;i:12;i:5;i:13;i:28;i:14;i:22;i:15;i:43;i:16;i:8;i:17;i:51;}','2019-04-30 12:17:03','2019-04-30 12:17:03'),
	(81,102,'a:18:{i:0;i:6;i:1;i:25;i:2;i:29;i:3;i:16;i:4;i:36;i:5;i:26;i:6;i:6;i:7;i:27;i:8;i:9;i:9;i:34;i:10;i:34;i:11;i:1;i:12;i:5;i:13;i:28;i:14;i:22;i:15;i:43;i:16;i:8;i:17;i:51;}','2019-04-30 12:17:29','2019-04-30 12:17:29'),
	(82,103,'a:18:{i:0;i:6;i:1;i:25;i:2;i:29;i:3;i:16;i:4;i:36;i:5;i:26;i:6;i:6;i:7;i:27;i:8;i:9;i:9;i:34;i:10;i:34;i:11;i:1;i:12;i:5;i:13;i:28;i:14;i:22;i:15;i:43;i:16;i:8;i:17;i:51;}','2019-04-30 12:18:04','2019-04-30 12:18:04'),
	(83,104,'a:18:{i:0;i:6;i:1;i:25;i:2;i:29;i:3;i:16;i:4;i:36;i:5;i:26;i:6;i:6;i:7;i:27;i:8;i:9;i:9;i:34;i:10;i:34;i:11;i:1;i:12;i:5;i:13;i:28;i:14;i:22;i:15;i:43;i:16;i:8;i:17;i:51;}','2019-04-30 12:18:40','2019-04-30 12:18:40'),
	(84,105,'a:18:{i:0;i:6;i:1;i:25;i:2;i:29;i:3;i:16;i:4;i:36;i:5;i:6;i:6;i:26;i:7;i:27;i:8;i:34;i:9;i:9;i:10;i:1;i:11;i:34;i:12;i:5;i:13;i:28;i:14;i:43;i:15;i:22;i:16;i:8;i:17;i:51;}','2019-04-30 12:19:40','2019-04-30 12:19:40'),
	(85,106,'a:18:{i:0;i:6;i:1;i:25;i:2;i:29;i:3;i:16;i:4;i:36;i:5;i:26;i:6;i:6;i:7;i:27;i:8;i:9;i:9;i:34;i:10;i:28;i:11;i:34;i:12;i:5;i:13;i:1;i:14;i:22;i:15;i:43;i:16;i:8;i:17;i:51;}','2019-04-30 12:20:55','2019-04-30 12:20:55'),
	(86,107,'a:16:{i:0;i:25;i:1;i:29;i:2;i:16;i:3;i:36;i:4;i:26;i:5;i:27;i:6;i:9;i:7;i:34;i:8;i:5;i:9;i:1;i:10;i:34;i:11;i:28;i:12;i:22;i:13;i:43;i:14;i:8;i:15;i:51;}','2019-04-30 12:21:27','2019-04-30 12:21:27'),
	(87,108,'a:16:{i:0;i:25;i:1;i:29;i:2;i:16;i:3;i:36;i:4;i:26;i:5;i:27;i:6;i:9;i:7;i:5;i:8;i:34;i:9;i:1;i:10;i:34;i:11;i:28;i:12;i:43;i:13;i:22;i:14;i:8;i:15;i:51;}','2019-04-30 15:15:43','2019-04-30 15:15:43'),
	(88,109,'a:16:{i:0;i:25;i:1;i:5;i:2;i:29;i:3;i:16;i:4;i:9;i:5;i:27;i:6;i:26;i:7;i:36;i:8;i:1;i:9;i:34;i:10;i:28;i:11;i:34;i:12;i:22;i:13;i:43;i:14;i:8;i:15;i:51;}','2019-04-30 15:21:06','2019-04-30 15:21:06'),
	(89,110,'a:18:{i:0;i:6;i:1;i:25;i:2;i:6;i:3;i:5;i:4;i:29;i:5;i:16;i:6;i:9;i:7;i:27;i:8;i:26;i:9;i:36;i:10;i:1;i:11;i:34;i:12;i:28;i:13;i:34;i:14;i:22;i:15;i:43;i:16;i:8;i:17;i:51;}','2019-04-30 15:22:29','2019-04-30 15:22:29'),
	(90,111,'a:18:{i:0;i:6;i:1;i:25;i:2;i:6;i:3;i:5;i:4;i:29;i:5;i:16;i:6;i:9;i:7;i:27;i:8;i:26;i:9;i:36;i:10;i:1;i:11;i:34;i:12;i:28;i:13;i:34;i:14;i:22;i:15;i:43;i:16;i:8;i:17;i:51;}','2019-04-30 15:23:44','2019-04-30 15:23:44'),
	(91,112,'a:17:{i:0;i:6;i:1;i:25;i:2;i:29;i:3;i:5;i:4;i:16;i:5;i:27;i:6;i:6;i:7;i:9;i:8;i:26;i:9;i:36;i:10;i:1;i:11;i:34;i:12;i:22;i:13;i:28;i:14;i:34;i:15;i:43;i:16;i:8;}','2019-04-30 15:23:58','2019-04-30 15:23:58'),
	(92,113,'a:5:{i:0;i:33;i:1;i:36;i:2;i:33;i:3;i:51;i:4;i:9;}','2019-04-30 15:24:31','2019-04-30 15:24:31'),
	(93,114,'a:5:{i:0;i:33;i:1;i:36;i:2;i:33;i:3;i:51;i:4;i:9;}','2019-04-30 15:25:21','2019-04-30 15:25:21'),
	(94,115,'a:5:{i:0;i:33;i:1;i:36;i:2;i:33;i:3;i:51;i:4;i:9;}','2019-04-30 15:25:36','2019-04-30 15:25:36'),
	(95,116,'a:14:{i:0;i:33;i:1;i:36;i:2;i:9;i:3;i:33;i:4;i:50;i:5;i:33;i:6;i:38;i:7;i:40;i:8;i:51;i:9;i:38;i:10;i:38;i:11;i:38;i:12;i:50;i:13;i:40;}','2019-04-30 15:26:02','2019-04-30 15:26:02'),
	(96,117,'a:7:{i:0;i:32;i:1;i:33;i:2;i:36;i:3;i:33;i:4;i:32;i:5;i:9;i:6;i:51;}','2019-04-30 15:31:43','2019-04-30 15:31:43'),
	(97,118,'a:2:{i:0;i:5;i:1;i:39;}','2019-04-30 15:33:29','2019-04-30 15:33:29'),
	(98,119,'a:18:{i:0;i:6;i:1;i:25;i:2;i:6;i:3;i:29;i:4;i:16;i:5;i:36;i:6;i:26;i:7;i:27;i:8;i:9;i:9;i:5;i:10;i:34;i:11;i:1;i:12;i:34;i:13;i:28;i:14;i:43;i:15;i:22;i:16;i:8;i:17;i:51;}','2019-04-30 15:34:39','2019-04-30 15:34:39'),
	(99,120,'a:18:{i:0;i:6;i:1;i:25;i:2;i:29;i:3;i:16;i:4;i:36;i:5;i:26;i:6;i:6;i:7;i:27;i:8;i:9;i:9;i:34;i:10;i:34;i:11;i:1;i:12;i:5;i:13;i:28;i:14;i:22;i:15;i:43;i:16;i:8;i:17;i:51;}','2019-04-30 15:35:55','2019-04-30 15:35:55'),
	(100,121,'a:18:{i:0;i:6;i:1;i:25;i:2;i:29;i:3;i:16;i:4;i:36;i:5;i:6;i:6;i:26;i:7;i:27;i:8;i:9;i:9;i:34;i:10;i:5;i:11;i:1;i:12;i:34;i:13;i:28;i:14;i:43;i:15;i:22;i:16;i:8;i:17;i:51;}','2019-04-30 16:29:49','2019-04-30 16:29:49'),
	(101,122,'a:1:{i:0;i:1;}','2019-04-30 16:34:40','2019-04-30 16:34:40'),
	(102,123,'a:5:{i:0;i:43;i:1;i:28;i:2;i:51;i:3;i:5;i:4;i:26;}','2019-05-01 10:22:49','2019-05-01 10:22:49'),
	(103,124,'a:18:{i:0;i:6;i:1;i:6;i:2;i:25;i:3;i:16;i:4;i:29;i:5;i:36;i:6;i:26;i:7;i:5;i:8;i:27;i:9;i:9;i:10;i:34;i:11;i:1;i:12;i:34;i:13;i:28;i:14;i:43;i:15;i:22;i:16;i:8;i:17;i:51;}','2019-05-01 10:23:03','2019-05-01 10:23:03'),
	(104,125,'a:17:{i:0;i:6;i:1;i:25;i:2;i:5;i:3;i:6;i:4;i:29;i:5;i:16;i:6;i:9;i:7;i:27;i:8;i:26;i:9;i:36;i:10;i:1;i:11;i:34;i:12;i:28;i:13;i:34;i:14;i:22;i:15;i:43;i:16;i:8;}','2019-05-01 10:25:10','2019-05-01 10:25:10'),
	(105,126,'a:17:{i:0;i:6;i:1;i:25;i:2;i:5;i:3;i:6;i:4;i:29;i:5;i:16;i:6;i:9;i:7;i:27;i:8;i:26;i:9;i:36;i:10;i:1;i:11;i:34;i:12;i:28;i:13;i:34;i:14;i:22;i:15;i:43;i:16;i:8;}','2019-05-01 10:29:23','2019-05-01 10:29:23'),
	(106,127,'a:18:{i:0;i:6;i:1;i:25;i:2;i:6;i:3;i:29;i:4;i:16;i:5;i:36;i:6;i:26;i:7;i:27;i:8;i:9;i:9;i:5;i:10;i:34;i:11;i:1;i:12;i:34;i:13;i:28;i:14;i:43;i:15;i:22;i:16;i:8;i:17;i:51;}','2019-05-01 10:32:13','2019-05-01 10:32:13'),
	(107,128,'a:18:{i:0;i:6;i:1;i:25;i:2;i:29;i:3;i:16;i:4;i:36;i:5;i:6;i:6;i:26;i:7;i:27;i:8;i:9;i:9;i:34;i:10;i:5;i:11;i:1;i:12;i:34;i:13;i:28;i:14;i:43;i:15;i:22;i:16;i:8;i:17;i:51;}','2019-05-01 10:33:48','2019-05-01 10:33:48'),
	(108,129,'a:16:{i:0;i:6;i:1;i:29;i:2;i:36;i:3;i:25;i:4;i:1;i:5;i:16;i:6;i:43;i:7;i:34;i:8;i:34;i:9;i:28;i:10;i:6;i:11;i:9;i:12;i:5;i:13;i:8;i:14;i:26;i:15;i:51;}','2019-05-01 10:37:34','2019-05-01 10:37:34'),
	(109,130,'a:18:{i:0;i:6;i:1;i:25;i:2;i:6;i:3;i:29;i:4;i:16;i:5;i:36;i:6;i:26;i:7;i:27;i:8;i:9;i:9;i:34;i:10;i:5;i:11;i:1;i:12;i:34;i:13;i:28;i:14;i:43;i:15;i:22;i:16;i:8;i:17;i:51;}','2019-05-01 10:38:22','2019-05-01 10:38:22'),
	(110,131,'a:18:{i:0;i:6;i:1;i:25;i:2;i:29;i:3;i:16;i:4;i:36;i:5;i:26;i:6;i:6;i:7;i:27;i:8;i:9;i:9;i:34;i:10;i:34;i:11;i:1;i:12;i:5;i:13;i:28;i:14;i:22;i:15;i:43;i:16;i:8;i:17;i:51;}','2019-05-01 10:40:20','2019-05-01 10:40:20'),
	(111,132,'a:16:{i:0;i:25;i:1;i:6;i:2;i:5;i:3;i:6;i:4;i:29;i:5;i:16;i:6;i:9;i:7;i:27;i:8;i:26;i:9;i:36;i:10;i:1;i:11;i:34;i:12;i:28;i:13;i:22;i:14;i:43;i:15;i:8;}','2019-05-02 06:23:22','2019-05-02 06:23:22'),
	(112,133,'a:17:{i:0;i:6;i:1;i:29;i:2;i:34;i:3;i:25;i:4;i:16;i:5;i:6;i:6;i:9;i:7;i:26;i:8;i:1;i:9;i:36;i:10;i:27;i:11;i:28;i:12;i:8;i:13;i:5;i:14;i:43;i:15;i:22;i:16;i:51;}','2019-05-02 06:39:20','2019-05-02 06:39:20'),
	(113,134,'a:17:{i:0;i:25;i:1;i:6;i:2;i:6;i:3;i:29;i:4;i:27;i:5;i:16;i:6;i:26;i:7;i:5;i:8;i:34;i:9;i:36;i:10;i:9;i:11;i:1;i:12;i:22;i:13;i:28;i:14;i:43;i:15;i:8;i:16;i:51;}','2019-05-02 06:40:06','2019-05-02 06:40:06'),
	(114,135,'a:17:{i:0;i:6;i:1;i:25;i:2;i:29;i:3;i:16;i:4;i:36;i:5;i:26;i:6;i:27;i:7;i:6;i:8;i:9;i:9;i:34;i:10;i:1;i:11;i:28;i:12;i:5;i:13;i:22;i:14;i:43;i:15;i:8;i:16;i:51;}','2019-05-02 06:41:26','2019-05-02 06:41:26'),
	(115,136,'a:17:{i:0;i:6;i:1;i:25;i:2;i:29;i:3;i:16;i:4;i:36;i:5;i:26;i:6;i:6;i:7;i:27;i:8;i:9;i:9;i:34;i:10;i:1;i:11;i:5;i:12;i:28;i:13;i:22;i:14;i:43;i:15;i:8;i:16;i:51;}','2019-05-02 06:49:25','2019-05-02 06:49:25'),
	(116,137,'a:17:{i:0;i:25;i:1;i:6;i:2;i:6;i:3;i:5;i:4;i:29;i:5;i:16;i:6;i:9;i:7;i:27;i:8;i:26;i:9;i:36;i:10;i:1;i:11;i:34;i:12;i:28;i:13;i:22;i:14;i:43;i:15;i:8;i:16;i:51;}','2019-05-02 06:51:06','2019-05-02 06:51:06'),
	(117,138,'a:5:{i:0;i:43;i:1;i:28;i:2;i:51;i:3;i:5;i:4;i:26;}','2019-05-02 06:56:04','2019-05-02 06:56:04'),
	(118,139,'a:15:{i:0;i:29;i:1;i:36;i:2;i:6;i:3;i:1;i:4;i:16;i:5;i:25;i:6;i:34;i:7;i:6;i:8;i:28;i:9;i:9;i:10;i:43;i:11;i:8;i:12;i:5;i:13;i:26;i:14;i:51;}','2019-05-02 06:58:19','2019-05-02 06:58:19'),
	(119,140,'a:7:{i:0;i:36;i:1;i:22;i:2;i:5;i:3;i:29;i:4;i:27;i:5;i:34;i:6;i:9;}','2019-05-02 06:58:33','2019-05-02 06:58:33'),
	(120,141,'a:5:{i:0;i:43;i:1;i:28;i:2;i:51;i:3;i:5;i:4;i:26;}','2019-05-02 07:01:03','2019-05-02 07:01:03'),
	(121,142,'a:17:{i:0;i:6;i:1;i:29;i:2;i:34;i:3;i:25;i:4;i:16;i:5;i:9;i:6;i:6;i:7;i:26;i:8;i:1;i:9;i:36;i:10;i:27;i:11;i:28;i:12;i:8;i:13;i:5;i:14;i:43;i:15;i:22;i:16;i:51;}','2019-05-02 07:01:12','2019-05-02 07:01:12'),
	(122,143,'a:5:{i:0;i:33;i:1;i:36;i:2;i:33;i:3;i:51;i:4;i:9;}','2019-05-02 07:01:30','2019-05-02 07:01:30'),
	(123,144,'a:5:{i:0;i:43;i:1;i:28;i:2;i:51;i:3;i:5;i:4;i:26;}','2019-05-02 07:02:53','2019-05-02 07:02:53'),
	(124,145,'a:5:{i:0;i:33;i:1;i:36;i:2;i:51;i:3;i:9;i:4;i:33;}','2019-05-02 07:03:04','2019-05-02 07:03:04'),
	(125,146,'a:0:{}','2019-05-02 07:03:20','2019-05-02 07:03:20'),
	(126,147,'a:5:{i:0;i:43;i:1;i:28;i:2;i:51;i:3;i:5;i:4;i:26;}','2019-05-02 07:04:02','2019-05-02 07:04:02'),
	(127,148,'a:4:{i:0;i:43;i:1;i:28;i:2;i:51;i:3;i:5;}','2019-05-02 07:04:11','2019-05-02 07:04:11'),
	(128,149,'a:0:{}','2019-05-02 07:04:21','2019-05-02 07:04:21'),
	(129,150,'a:0:{}','2019-05-02 07:05:11','2019-05-02 07:05:11'),
	(130,151,'a:0:{}','2019-05-02 07:07:02','2019-05-02 07:07:02'),
	(131,152,'a:17:{i:0;i:6;i:1;i:25;i:2;i:29;i:3;i:16;i:4;i:36;i:5;i:26;i:6;i:6;i:7;i:27;i:8;i:9;i:9;i:34;i:10;i:1;i:11;i:5;i:12;i:28;i:13;i:22;i:14;i:43;i:15;i:8;i:16;i:51;}','2019-05-02 07:07:16','2019-05-02 07:07:16'),
	(132,153,'a:5:{i:0;i:43;i:1;i:28;i:2;i:51;i:3;i:5;i:4;i:26;}','2019-05-02 07:08:00','2019-05-02 07:08:00'),
	(133,154,'a:17:{i:0;i:6;i:1;i:6;i:2;i:25;i:3;i:29;i:4;i:16;i:5;i:36;i:6;i:26;i:7;i:5;i:8;i:27;i:9;i:9;i:10;i:1;i:11;i:34;i:12;i:28;i:13;i:43;i:14;i:22;i:15;i:8;i:16;i:51;}','2019-05-02 15:24:20','2019-05-02 15:24:20'),
	(134,155,'a:17:{i:0;i:6;i:1;i:25;i:2;i:6;i:3;i:29;i:4;i:16;i:5;i:36;i:6;i:26;i:7;i:27;i:8;i:9;i:9;i:5;i:10;i:34;i:11;i:1;i:12;i:28;i:13;i:43;i:14;i:22;i:15;i:8;i:16;i:51;}','2019-05-02 16:37:46','2019-05-02 16:37:46'),
	(135,156,'a:17:{i:0;i:6;i:1;i:6;i:2;i:25;i:3;i:29;i:4;i:16;i:5;i:36;i:6;i:26;i:7;i:5;i:8;i:27;i:9;i:9;i:10;i:1;i:11;i:34;i:12;i:28;i:13;i:43;i:14;i:22;i:15;i:8;i:16;i:51;}','2019-05-02 17:18:29','2019-05-02 17:18:29'),
	(136,157,'a:17:{i:0;i:6;i:1;i:25;i:2;i:29;i:3;i:16;i:4;i:36;i:5;i:6;i:6;i:26;i:7;i:27;i:8;i:9;i:9;i:34;i:10;i:5;i:11;i:1;i:12;i:28;i:13;i:43;i:14;i:22;i:15;i:8;i:16;i:51;}','2019-05-02 17:22:50','2019-05-02 17:22:50'),
	(137,158,'a:17:{i:0;i:6;i:1;i:25;i:2;i:29;i:3;i:16;i:4;i:36;i:5;i:6;i:6;i:26;i:7;i:27;i:8;i:9;i:9;i:34;i:10;i:5;i:11;i:1;i:12;i:28;i:13;i:43;i:14;i:22;i:15;i:8;i:16;i:51;}','2019-05-02 17:26:36','2019-05-02 17:26:36'),
	(138,159,'a:17:{i:0;i:6;i:1;i:25;i:2;i:29;i:3;i:16;i:4;i:36;i:5;i:6;i:6;i:26;i:7;i:27;i:8;i:9;i:9;i:34;i:10;i:5;i:11;i:1;i:12;i:28;i:13;i:43;i:14;i:22;i:15;i:8;i:16;i:51;}','2019-05-02 17:28:12','2019-05-02 17:28:12'),
	(139,160,'a:17:{i:0;i:6;i:1;i:25;i:2;i:29;i:3;i:16;i:4;i:36;i:5;i:6;i:6;i:26;i:7;i:27;i:8;i:9;i:9;i:34;i:10;i:5;i:11;i:1;i:12;i:28;i:13;i:43;i:14;i:22;i:15;i:8;i:16;i:51;}','2019-05-02 17:29:54','2019-05-02 17:29:54'),
	(140,161,'a:17:{i:0;i:6;i:1;i:25;i:2;i:29;i:3;i:16;i:4;i:36;i:5;i:26;i:6;i:27;i:7;i:6;i:8;i:9;i:9;i:34;i:10;i:1;i:11;i:28;i:12;i:5;i:13;i:22;i:14;i:43;i:15;i:8;i:16;i:51;}','2019-05-02 17:31:27','2019-05-02 17:31:27'),
	(141,162,'a:16:{i:0;i:25;i:1;i:6;i:2;i:29;i:3;i:5;i:4;i:16;i:5;i:6;i:6;i:27;i:7;i:9;i:8;i:26;i:9;i:36;i:10;i:1;i:11;i:34;i:12;i:28;i:13;i:22;i:14;i:43;i:15;i:8;}','2019-05-07 06:21:50','2019-05-07 06:21:50'),
	(142,163,'a:5:{i:0;i:43;i:1;i:28;i:2;i:51;i:3;i:5;i:4;i:26;}','2019-05-07 06:54:11','2019-05-07 06:54:11'),
	(143,164,'a:5:{i:0;i:43;i:1;i:28;i:2;i:51;i:3;i:5;i:4;i:26;}','2019-05-07 10:39:46','2019-05-07 10:39:46');

/*!40000 ALTER TABLE `carriers_quote` ENABLE KEYS */;
UNLOCK TABLES;


# Dump of table categories_insurance
# ------------------------------------------------------------



LOCK TABLES `categories_insurance` WRITE;
/*!40000 ALTER TABLE `categories_insurance` DISABLE KEYS */;

INSERT INTO `categories_insurance` (`category_id`, `name`, `created_at`, `updated_at`)
VALUES
	(1,'Underwritten Term','2019-02-25 00:00:00','2019-02-25 00:00:00'),
	(2,'Simplified Issue Term','2019-02-25 00:00:00','2019-02-25 00:00:00'),
	(3,'GUL','2019-02-25 00:00:00','2019-02-25 00:00:00'),
	(4,'Final Expense (SIWL)','2019-02-25 00:00:00','2019-02-25 00:00:00');

/*!40000 ALTER TABLE `categories_insurance` ENABLE KEYS */;
UNLOCK TABLES;


# Dump of table confirmations
# ------------------------------------------------------------




# Dump of table events
# ------------------------------------------------------------



LOCK TABLES `events` WRITE;
/*!40000 ALTER TABLE `events` DISABLE KEYS */;

INSERT INTO `events` (`id`, `name`, `description`, `created_at`, `updated_at`)
VALUES
	(1,'login','Logged In','2019-04-26 15:34:21','2019-04-26 15:24:26'),
	(2,'logout','Logged Out','2019-04-26 15:34:26','2019-04-26 15:24:44'),
	(3,'manager_created','Manager Created','2019-04-26 15:25:17','2019-04-26 15:25:13'),
	(4,'admin_created','Admin Created','2019-04-26 15:25:17','2019-04-26 15:25:13'),
	(5,'agent_created','Agent Created','2019-04-26 15:25:55','2019-04-26 15:25:55'),
	(6,'affiliate_created','Affiliate Created','2019-04-26 15:26:09','2019-04-26 15:25:55'),
	(7,'user_quote','User Quote','2019-04-26 15:26:31','2019-04-26 15:26:31'),
	(8,'agent_updated','Agent Updated','2019-04-26 15:27:16','2019-04-26 15:26:57'),
	(9,'affiliate_updated','Affiliate Updated','2019-04-26 15:27:30','2019-04-26 15:26:57'),
	(10,'admin_updated','Admin Updated','2019-04-26 15:27:30','2019-04-26 15:26:57'),
	(11,'manager_updated','Manager Updated','2019-04-26 15:27:30','2019-04-26 15:26:57'),
	(12,'login_attempt','Login Attempt','2019-04-26 15:28:48','2019-04-26 15:28:33'),
	(13,'login_failed','Login Failed','2019-04-26 15:28:48','2019-04-26 15:28:33'),
	(14,'user_carrier_added','User Carrier Added','2019-04-26 15:28:48','2019-04-26 15:28:33'),
	(15,'user_carrier_removed','User Carrier Removed','2019-04-26 15:28:48','2019-04-26 15:28:33'),
	(16,'user_password_reset_request','User Password Reset Requested','2019-04-26 15:30:43','2019-04-26 15:28:33'),
	(17,'password_changed','Password Changed','2019-04-26 15:30:43','2019-04-26 15:28:33'),
	(18,'group_added','Group Added','2019-04-26 15:32:21','2019-04-26 15:32:02'),
	(19,'user_group_changed','User Group Changed','2019-04-26 15:33:10','0000-00-00 00:00:00'),
	(20,'user_group_deleted','User Group Deleted','2019-04-26 15:33:07','0000-00-00 00:00:00'),
	(21,'group_deleted','Group Deleted','2019-04-26 15:33:04','0000-00-00 00:00:00'),
	(22,'message_sent','Message Sent','2019-04-26 15:33:44','2019-04-26 15:33:44'),
	(23,'password_confirmed','Password Confirmed','2019-04-26 15:34:09','2019-04-26 15:34:09');

/*!40000 ALTER TABLE `events` ENABLE KEYS */;
UNLOCK TABLES;


# Dump of table events_user
# ------------------------------------------------------------



LOCK TABLES `events_user` WRITE;
/*!40000 ALTER TABLE `events_user` DISABLE KEYS */;

INSERT INTO `events_user` (`id`, `affiliate_id`, `user_id`, `event_id`, `created_at`, `updated_at`)
VALUES
	(1,1,8,1,'2019-04-26 09:07:48','2019-04-26 09:07:48'),
	(2,1,8,1,'2019-04-26 09:28:09','2019-04-26 09:28:09'),
	(3,1,8,2,'2019-04-26 09:28:22','2019-04-26 09:28:22'),
	(4,1,1,1,'2019-04-26 09:40:27','2019-04-26 09:40:27'),
	(5,1,7,16,'2019-04-26 09:50:03','2019-04-26 09:50:03'),
	(6,1,1,2,'2019-04-26 09:53:42','2019-04-26 09:53:42'),
	(7,1,7,1,'2019-04-26 09:53:49','2019-04-26 09:53:49'),
	(8,1,7,17,'2019-04-26 09:54:17','2019-04-26 09:54:17'),
	(9,1,7,2,'2019-04-26 10:06:30','2019-04-26 10:06:30'),
	(10,1,1,1,'2019-04-26 10:06:43','2019-04-26 10:06:43'),
	(11,1,7,16,'2019-04-26 10:06:51','2019-04-26 10:06:51'),
	(12,1,1,2,'2019-04-26 10:07:13','2019-04-26 10:07:13'),
	(13,1,7,1,'2019-04-26 10:07:18','2019-04-26 10:07:18'),
	(14,1,7,17,'2019-04-26 10:07:32','2019-04-26 10:07:32'),
	(15,1,7,2,'2019-04-26 10:10:07','2019-04-26 10:10:07'),
	(16,1,1,1,'2019-04-26 10:10:09','2019-04-26 10:10:09'),
	(18,1,1,2,'2019-04-26 11:18:42','2019-04-26 11:18:42'),
	(19,1,1,1,'2019-04-26 11:18:44','2019-04-26 11:18:44'),
	(20,1,1,2,'2019-04-26 13:17:50','2019-04-26 13:17:50'),
	(21,1,8,1,'2019-04-26 13:18:29','2019-04-26 13:18:29'),
	(22,1,8,2,'2019-04-26 13:19:06','2019-04-26 13:19:06'),
	(23,1,1,1,'2019-04-26 13:19:09','2019-04-26 13:19:09'),
	(24,1,1,2,'2019-04-26 13:24:48','2019-04-26 13:24:48'),
	(25,1,8,1,'2019-04-26 13:24:53','2019-04-26 13:24:53'),
	(26,1,8,2,'2019-04-26 13:28:54','2019-04-26 13:28:54'),
	(27,1,1,1,'2019-04-26 13:28:57','2019-04-26 13:28:57'),
	(28,1,1,2,'2019-04-26 14:04:26','2019-04-26 14:04:26'),
	(29,1,8,1,'2019-04-26 14:04:30','2019-04-26 14:04:30'),
	(30,1,8,2,'2019-04-26 14:05:09','2019-04-26 14:05:09'),
	(31,1,1,1,'2019-04-26 14:05:14','2019-04-26 14:05:14'),
	(32,1,5,1,'2019-04-26 14:07:18','2019-04-26 14:07:18'),
	(33,1,5,1,'2019-04-26 14:07:24','2019-04-26 14:07:24'),
	(34,1,5,2,'2019-04-26 14:07:29','2019-04-26 14:07:29'),
	(35,1,8,1,'2019-04-26 14:07:35','2019-04-26 14:07:35'),
	(36,1,8,2,'2019-04-26 14:08:07','2019-04-26 14:08:07'),
	(37,1,1,1,'2019-04-26 14:08:11','2019-04-26 14:08:11'),
	(38,1,1,2,'2019-04-26 14:12:29','2019-04-26 14:12:29'),
	(39,1,1,1,'2019-04-26 14:12:31','2019-04-26 14:12:31'),
	(40,1,1,2,'2019-04-26 14:12:33','2019-04-26 14:12:33'),
	(41,1,1,1,'2019-04-26 14:12:35','2019-04-26 14:12:35'),
	(42,1,1,2,'2019-04-26 14:12:46','2019-04-26 14:12:46'),
	(43,1,8,1,'2019-04-26 14:12:50','2019-04-26 14:12:50'),
	(44,1,8,2,'2019-04-26 14:13:06','2019-04-26 14:13:06'),
	(45,1,1,1,'2019-04-26 14:13:10','2019-04-26 14:13:10'),
	(46,1,9,16,'2019-04-26 15:19:07','2019-04-26 15:19:07'),
	(47,1,1,2,'2019-04-26 15:20:16','2019-04-26 15:20:16'),
	(48,1,9,1,'2019-04-26 15:20:23','2019-04-26 15:20:23'),
	(49,1,9,17,'2019-04-26 15:20:37','2019-04-26 15:20:37'),
	(50,1,169,16,'2019-04-26 15:22:48','2019-04-26 15:22:48'),
	(51,1,9,2,'2019-04-26 15:23:11','2019-04-26 15:23:11'),
	(52,1,169,1,'2019-04-26 15:23:17','2019-04-26 15:23:17'),
	(53,1,169,17,'2019-04-26 15:23:29','2019-04-26 15:23:29'),
	(54,1,7,16,'2019-04-26 15:24:00','2019-04-26 15:24:00'),
	(55,1,169,2,'2019-04-26 15:24:16','2019-04-26 15:24:16'),
	(56,1,7,1,'2019-04-26 15:24:21','2019-04-26 15:24:21'),
	(57,1,7,17,'2019-04-26 15:24:38','2019-04-26 15:24:38'),
	(58,1,7,2,'2019-04-26 15:26:26','2019-04-26 15:26:26'),
	(59,1,1,1,'2019-04-26 15:26:28','2019-04-26 15:26:28'),
	(60,1,1,2,'2019-04-26 15:38:52','2019-04-26 15:38:52'),
	(61,1,1,1,'2019-04-26 15:40:50','2019-04-26 15:40:50'),
	(62,1,1,2,'2019-04-26 15:46:29','2019-04-26 15:46:29'),
	(63,1,169,1,'2019-04-26 15:47:17','2019-04-26 15:47:17'),
	(64,1,7,16,'2019-04-26 15:51:20','2019-04-26 15:51:20'),
	(65,1,169,2,'2019-04-26 15:53:21','2019-04-26 15:53:21'),
	(66,1,7,1,'2019-04-26 15:53:26','2019-04-26 15:53:26'),
	(67,1,7,17,'2019-04-26 15:53:41','2019-04-26 15:53:41'),
	(68,1,7,2,'2019-04-26 15:55:32','2019-04-26 15:55:32'),
	(69,1,1,1,'2019-04-26 15:55:34','2019-04-26 15:55:34'),
	(70,1,5,1,'2019-04-26 15:55:37','2019-04-26 15:55:37'),
	(71,1,5,1,'2019-04-26 15:58:30','2019-04-26 15:58:30'),
	(72,1,5,2,'2019-04-26 15:58:35','2019-04-26 15:58:35'),
	(73,1,8,1,'2019-04-26 15:58:41','2019-04-26 15:58:41'),
	(74,1,8,2,'2019-04-26 16:03:24','2019-04-26 16:03:24'),
	(75,1,1,1,'2019-04-26 16:03:28','2019-04-26 16:03:28'),
	(76,1,5,1,'2019-04-26 16:03:35','2019-04-26 16:03:35'),
	(77,1,5,1,'2019-04-26 16:03:42','2019-04-26 16:03:42'),
	(78,1,5,2,'2019-04-26 16:03:44','2019-04-26 16:03:44'),
	(79,1,1,1,'2019-04-26 16:03:47','2019-04-26 16:03:47'),
	(80,1,1,2,'2019-04-26 16:03:49','2019-04-26 16:03:49'),
	(81,1,8,1,'2019-04-26 16:03:52','2019-04-26 16:03:52'),
	(82,1,8,2,'2019-04-26 16:06:02','2019-04-26 16:06:02'),
	(83,1,1,1,'2019-04-26 16:06:06','2019-04-26 16:06:06'),
	(84,1,1,2,'2019-04-26 16:11:06','2019-04-26 16:11:06'),
	(85,1,1,1,'2019-04-26 16:11:08','2019-04-26 16:11:08'),
	(86,1,1,2,'2019-04-26 16:19:57','2019-04-26 16:19:57'),
	(87,1,8,1,'2019-04-26 16:20:00','2019-04-26 16:20:00'),
	(88,1,8,2,'2019-04-26 16:20:16','2019-04-26 16:20:16'),
	(89,1,1,1,'2019-04-26 16:20:22','2019-04-26 16:20:22'),
	(90,1,1,2,'2019-04-26 16:21:24','2019-04-26 16:21:24'),
	(91,1,8,1,'2019-04-26 16:21:28','2019-04-26 16:21:28'),
	(92,1,8,2,'2019-04-26 16:22:13','2019-04-26 16:22:13'),
	(93,1,1,1,'2019-04-26 16:22:17','2019-04-26 16:22:17'),
	(94,1,5,1,'2019-04-26 16:30:39','2019-04-26 16:30:39'),
	(95,1,1,1,'2019-04-27 15:54:33','2019-04-27 15:54:33'),
	(96,1,1,2,'2019-04-27 15:55:37','2019-04-27 15:55:37'),
	(97,1,1,2,'2019-04-27 15:55:44','2019-04-27 15:55:44'),
	(98,1,1,2,'2019-04-27 15:56:23','2019-04-27 15:56:23'),
	(99,1,8,1,'2019-04-27 15:56:58','2019-04-27 15:56:58'),
	(100,1,8,2,'2019-04-27 17:14:27','2019-04-27 17:14:27'),
	(101,1,1,1,'2019-04-27 17:14:31','2019-04-27 17:14:31'),
	(102,1,1,2,'2019-04-27 17:40:22','2019-04-27 17:40:22'),
	(103,1,1,1,'2019-04-27 17:40:24','2019-04-27 17:40:24'),
	(104,1,1,2,'2019-04-27 17:40:27','2019-04-27 17:40:27'),
	(105,1,8,1,'2019-04-27 17:40:31','2019-04-27 17:40:31'),
	(106,1,8,2,'2019-04-27 18:08:47','2019-04-27 18:08:47'),
	(107,0,5,1,'2019-04-27 18:08:53','2019-04-27 18:08:53'),
	(108,0,5,1,'2019-04-28 08:34:13','2019-04-28 08:34:13'),
	(109,0,5,1,'2019-04-28 16:14:19','2019-04-28 16:14:19'),
	(110,0,5,1,'2019-04-29 05:50:53','2019-04-29 05:50:53'),
	(111,0,5,2,'2019-04-29 07:11:38','2019-04-29 07:11:38'),
	(112,1,8,1,'2019-04-29 07:11:44','2019-04-29 07:11:44'),
	(113,1,8,2,'2019-04-29 07:43:05','2019-04-29 07:43:05'),
	(114,1,1,1,'2019-04-29 07:43:09','2019-04-29 07:43:09'),
	(115,1,1,2,'2019-04-29 09:45:39','2019-04-29 09:45:39'),
	(116,1,8,1,'2019-04-29 09:45:42','2019-04-29 09:45:42'),
	(117,1,8,2,'2019-04-29 09:45:51','2019-04-29 09:45:51'),
	(118,1,8,1,'2019-04-29 09:46:02','2019-04-29 09:46:02'),
	(119,1,8,2,'2019-04-29 09:46:05','2019-04-29 09:46:05'),
	(120,0,5,1,'2019-04-29 09:46:12','2019-04-29 09:46:12'),
	(121,0,5,2,'2019-04-29 09:51:39','2019-04-29 09:51:39'),
	(122,1,1,1,'2019-04-29 09:51:42','2019-04-29 09:51:42'),
	(123,1,1,2,'2019-04-29 09:57:15','2019-04-29 09:57:15'),
	(124,1,8,1,'2019-04-29 09:57:18','2019-04-29 09:57:18'),
	(125,1,8,2,'2019-04-29 09:57:28','2019-04-29 09:57:28'),
	(126,0,5,1,'2019-04-29 09:57:35','2019-04-29 09:57:35'),
	(127,0,5,2,'2019-04-29 10:19:51','2019-04-29 10:19:51'),
	(128,0,5,1,'2019-04-29 10:19:56','2019-04-29 10:19:56'),
	(129,0,5,2,'2019-04-29 10:20:17','2019-04-29 10:20:17'),
	(130,1,1,1,'2019-04-29 10:20:20','2019-04-29 10:20:20'),
	(131,1,1,2,'2019-04-29 10:20:37','2019-04-29 10:20:37'),
	(132,0,5,1,'2019-04-29 10:20:41','2019-04-29 10:20:41'),
	(133,0,5,2,'2019-04-29 10:22:01','2019-04-29 10:22:01'),
	(134,1,1,1,'2019-04-29 10:22:05','2019-04-29 10:22:05'),
	(135,1,1,2,'2019-04-29 10:48:43','2019-04-29 10:48:43'),
	(136,0,5,1,'2019-04-29 10:49:02','2019-04-29 10:49:02'),
	(137,0,5,2,'2019-04-29 10:49:22','2019-04-29 10:49:22'),
	(138,1,1,1,'2019-04-29 10:49:27','2019-04-29 10:49:27'),
	(139,1,1,2,'2019-04-29 10:50:45','2019-04-29 10:50:45'),
	(140,0,5,1,'2019-04-29 10:51:03','2019-04-29 10:51:03'),
	(141,0,5,2,'2019-04-29 10:52:59','2019-04-29 10:52:59'),
	(142,1,1,1,'2019-04-29 10:53:03','2019-04-29 10:53:03'),
	(143,1,8,1,'2019-04-29 14:52:55','2019-04-29 14:52:55'),
	(144,1,8,2,'2019-04-29 14:55:16','2019-04-29 14:55:16'),
	(145,0,5,1,'2019-04-29 14:55:21','2019-04-29 14:55:21'),
	(146,0,5,2,'2019-04-29 14:57:16','2019-04-29 14:57:16'),
	(147,1,1,1,'2019-04-29 14:57:20','2019-04-29 14:57:20'),
	(148,0,5,1,'2019-04-29 15:56:49','2019-04-29 15:56:49'),
	(149,0,5,2,'2019-04-29 16:05:11','2019-04-29 16:05:11'),
	(150,1,8,1,'2019-04-29 16:05:13','2019-04-29 16:05:13'),
	(151,1,8,1,'2019-04-30 06:27:34','2019-04-30 06:27:34'),
	(152,1,8,2,'2019-04-30 10:54:50','2019-04-30 10:54:50'),
	(153,1,1,1,'2019-04-30 10:54:54','2019-04-30 10:54:54'),
	(154,0,5,1,'2019-04-30 11:05:16','2019-04-30 11:05:16'),
	(155,0,5,2,'2019-04-30 11:07:48','2019-04-30 11:07:48'),
	(156,1,9,1,'2019-04-30 11:08:43','2019-04-30 11:08:43'),
	(157,1,9,2,'2019-04-30 11:19:17','2019-04-30 11:19:17'),
	(158,1,1,1,'2019-04-30 11:19:20','2019-04-30 11:19:20'),
	(159,1,1,2,'2019-04-30 11:20:01','2019-04-30 11:20:01'),
	(160,1,9,1,'2019-04-30 11:20:05','2019-04-30 11:20:05'),
	(161,1,9,2,'2019-04-30 11:33:33','2019-04-30 11:33:33'),
	(162,1,8,1,'2019-04-30 11:33:37','2019-04-30 11:33:37'),
	(163,1,8,2,'2019-04-30 11:35:38','2019-04-30 11:35:38'),
	(164,1,1,1,'2019-04-30 11:35:41','2019-04-30 11:35:41'),
	(165,0,5,1,'2019-04-30 11:35:45','2019-04-30 11:35:45'),
	(166,0,5,1,'2019-04-30 11:40:50','2019-04-30 11:40:50'),
	(167,0,5,1,'2019-04-30 11:42:06','2019-04-30 11:42:06'),
	(168,0,5,1,'2019-04-30 11:43:52','2019-04-30 11:43:52'),
	(169,0,5,2,'2019-04-30 11:44:11','2019-04-30 11:44:11'),
	(170,1,1,1,'2019-04-30 11:44:13','2019-04-30 11:44:13'),
	(171,0,5,1,'2019-04-30 11:58:06','2019-04-30 11:58:06'),
	(172,0,5,1,'2019-04-30 11:58:10','2019-04-30 11:58:10'),
	(173,0,5,2,'2019-04-30 12:01:07','2019-04-30 12:01:07'),
	(174,1,8,1,'2019-04-30 12:01:13','2019-04-30 12:01:13'),
	(175,1,8,2,'2019-04-30 12:20:17','2019-04-30 12:20:17'),
	(176,1,1,1,'2019-04-30 12:20:23','2019-04-30 12:20:23'),
	(177,1,1,2,'2019-04-30 12:20:44','2019-04-30 12:20:44'),
	(178,1,8,1,'2019-04-30 12:20:46','2019-04-30 12:20:46'),
	(179,1,8,1,'2019-04-30 15:15:14','2019-04-30 15:15:14'),
	(180,1,8,2,'2019-04-30 15:15:52','2019-04-30 15:15:52'),
	(181,1,1,1,'2019-04-30 15:15:56','2019-04-30 15:15:56'),
	(182,1,1,2,'2019-04-30 15:16:11','2019-04-30 15:16:11'),
	(183,1,8,1,'2019-04-30 15:16:16','2019-04-30 15:16:16'),
	(184,1,8,2,'2019-04-30 15:16:32','2019-04-30 15:16:32'),
	(185,1,1,1,'2019-04-30 15:16:38','2019-04-30 15:16:38'),
	(186,1,1,2,'2019-04-30 15:16:51','2019-04-30 15:16:51'),
	(187,1,8,1,'2019-04-30 15:16:57','2019-04-30 15:16:57'),
	(188,1,8,2,'2019-04-30 15:24:41','2019-04-30 15:24:41'),
	(189,1,1,1,'2019-04-30 15:24:44','2019-04-30 15:24:44'),
	(190,1,1,2,'2019-04-30 15:24:57','2019-04-30 15:24:57'),
	(191,1,8,1,'2019-04-30 15:25:03','2019-04-30 15:25:03'),
	(192,1,8,2,'2019-04-30 15:31:54','2019-04-30 15:31:54'),
	(193,1,1,1,'2019-04-30 15:32:00','2019-04-30 15:32:00'),
	(194,1,1,2,'2019-04-30 15:32:21','2019-04-30 15:32:21'),
	(195,1,8,1,'2019-04-30 15:32:25','2019-04-30 15:32:25'),
	(196,1,8,2,'2019-04-30 15:33:39','2019-04-30 15:33:39'),
	(197,1,1,1,'2019-04-30 15:33:44','2019-04-30 15:33:44'),
	(198,1,1,2,'2019-04-30 15:34:20','2019-04-30 15:34:20'),
	(199,1,8,1,'2019-04-30 15:34:24','2019-04-30 15:34:24'),
	(200,1,8,2,'2019-04-30 15:34:58','2019-04-30 15:34:58'),
	(201,1,1,1,'2019-04-30 15:35:05','2019-04-30 15:35:05'),
	(202,1,1,2,'2019-04-30 15:35:35','2019-04-30 15:35:35'),
	(203,1,8,1,'2019-04-30 15:35:40','2019-04-30 15:35:40'),
	(204,1,8,2,'2019-04-30 15:37:00','2019-04-30 15:37:00'),
	(205,0,5,1,'2019-04-30 15:37:07','2019-04-30 15:37:07'),
	(206,0,5,2,'2019-04-30 15:37:26','2019-04-30 15:37:26'),
	(207,1,9,1,'2019-04-30 15:37:32','2019-04-30 15:37:32'),
	(208,1,9,2,'2019-04-30 15:37:41','2019-04-30 15:37:41'),
	(209,1,9,1,'2019-04-30 15:37:51','2019-04-30 15:37:51'),
	(210,1,9,2,'2019-04-30 15:38:04','2019-04-30 15:38:04'),
	(211,1,1,1,'2019-04-30 15:38:09','2019-04-30 15:38:09'),
	(212,1,1,2,'2019-04-30 15:54:08','2019-04-30 15:54:08'),
	(213,1,8,1,'2019-04-30 15:54:12','2019-04-30 15:54:12'),
	(214,1,8,2,'2019-04-30 16:00:49','2019-04-30 16:00:49'),
	(215,1,9,1,'2019-04-30 16:00:53','2019-04-30 16:00:53'),
	(216,1,9,2,'2019-04-30 16:02:13','2019-04-30 16:02:13'),
	(217,1,8,1,'2019-04-30 16:02:17','2019-04-30 16:02:17'),
	(218,1,8,2,'2019-04-30 16:10:15','2019-04-30 16:10:15'),
	(219,1,1,1,'2019-04-30 16:10:20','2019-04-30 16:10:20'),
	(220,1,1,2,'2019-04-30 16:12:09','2019-04-30 16:12:09'),
	(221,0,5,1,'2019-04-30 16:12:27','2019-04-30 16:12:27'),
	(222,0,5,2,'2019-04-30 16:13:33','2019-04-30 16:13:33'),
	(223,1,1,1,'2019-04-30 16:13:41','2019-04-30 16:13:41'),
	(224,1,1,2,'2019-04-30 16:26:21','2019-04-30 16:26:21'),
	(225,1,1,1,'2019-04-30 16:26:27','2019-04-30 16:26:27'),
	(226,1,1,2,'2019-04-30 16:28:45','2019-04-30 16:28:45'),
	(227,1,8,1,'2019-04-30 16:28:49','2019-04-30 16:28:49'),
	(228,1,8,1,'2019-05-01 10:20:56','2019-05-01 10:20:56'),
	(229,1,8,1,'2019-05-02 06:23:00','2019-05-02 06:23:00'),
	(230,1,8,1,'2019-05-02 07:12:32','2019-05-02 07:12:32'),
	(231,1,8,2,'2019-05-02 10:54:35','2019-05-02 10:54:35'),
	(232,0,5,1,'2019-05-02 10:54:43','2019-05-02 10:54:43'),
	(233,0,5,2,'2019-05-02 11:02:57','2019-05-02 11:02:57'),
	(234,1,1,1,'2019-05-02 11:03:01','2019-05-02 11:03:01'),
	(235,1,1,1,'2019-05-02 14:03:37','2019-05-02 14:03:37'),
	(236,1,1,2,'2019-05-02 15:22:00','2019-05-02 15:22:00'),
	(237,1,9,1,'2019-05-02 15:22:06','2019-05-02 15:22:06'),
	(238,1,176,16,'2019-05-02 15:22:28','2019-05-02 15:22:28'),
	(239,1,9,2,'2019-05-02 15:23:11','2019-05-02 15:23:11'),
	(240,1,9,1,'2019-05-02 15:23:41','2019-05-02 15:23:41'),
	(241,1,9,2,'2019-05-02 15:24:01','2019-05-02 15:24:01'),
	(242,1,8,1,'2019-05-02 15:24:06','2019-05-02 15:24:06'),
	(243,1,8,2,'2019-05-02 15:54:53','2019-05-02 15:54:53'),
	(244,0,5,1,'2019-05-02 15:54:57','2019-05-02 15:54:57'),
	(245,0,5,2,'2019-05-02 16:37:26','2019-05-02 16:37:26'),
	(246,1,8,1,'2019-05-02 16:37:30','2019-05-02 16:37:30'),
	(247,1,8,2,'2019-05-02 17:15:26','2019-05-02 17:15:26'),
	(248,1,1,1,'2019-05-02 17:15:31','2019-05-02 17:15:31'),
	(249,1,1,2,'2019-05-02 17:18:10','2019-05-02 17:18:10'),
	(250,1,8,1,'2019-05-02 17:18:13','2019-05-02 17:18:13'),
	(251,1,8,2,'2019-05-02 17:33:35','2019-05-02 17:33:35'),
	(252,1,9,1,'2019-05-02 17:33:39','2019-05-02 17:33:39'),
	(253,1,9,2,'2019-05-02 17:33:58','2019-05-02 17:33:58'),
	(254,1,9,1,'2019-05-02 17:34:11','2019-05-02 17:34:11'),
	(255,1,9,2,'2019-05-02 17:34:52','2019-05-02 17:34:52'),
	(256,0,5,1,'2019-05-02 17:34:56','2019-05-02 17:34:56'),
	(257,0,5,2,'2019-05-02 17:44:27','2019-05-02 17:44:27'),
	(258,0,5,1,'2019-05-02 18:24:43','2019-05-02 18:24:43'),
	(259,1,1,1,'2019-05-03 05:15:10','2019-05-03 05:15:10'),
	(260,1,1,2,'2019-05-03 05:17:07','2019-05-03 05:17:07'),
	(261,0,5,1,'2019-05-03 05:17:11','2019-05-03 05:17:11'),
	(262,1,8,1,'2019-05-03 17:13:16','2019-05-03 17:13:16'),
	(263,1,8,2,'2019-05-03 17:14:11','2019-05-03 17:14:11'),
	(264,1,1,1,'2019-05-03 17:14:15','2019-05-03 17:14:15'),
	(265,1,1,1,'2019-05-06 06:13:39','2019-05-06 06:13:39'),
	(266,1,1,2,'2019-05-06 06:13:46','2019-05-06 06:13:46'),
	(267,0,5,1,'2019-05-06 06:13:51','2019-05-06 06:13:51'),
	(268,0,5,1,'2019-05-07 05:25:55','2019-05-07 05:25:55'),
	(269,0,5,2,'2019-05-07 06:05:21','2019-05-07 06:05:21'),
	(270,0,5,1,'2019-05-07 06:05:24','2019-05-07 06:05:24'),
	(271,0,5,2,'2019-05-07 06:12:33','2019-05-07 06:12:33'),
	(272,0,5,1,'2019-05-07 06:13:01','2019-05-07 06:13:01'),
	(273,0,5,2,'2019-05-07 06:16:13','2019-05-07 06:16:13'),
	(274,0,5,1,'2019-05-07 06:16:17','2019-05-07 06:16:17'),
	(275,0,5,2,'2019-05-07 06:16:17','2019-05-07 06:16:17'),
	(276,0,5,1,'2019-05-07 06:16:19','2019-05-07 06:16:19'),
	(277,0,5,2,'2019-05-07 06:16:19','2019-05-07 06:16:19'),
	(278,0,5,1,'2019-05-07 06:19:33','2019-05-07 06:19:33'),
	(279,0,5,2,'2019-05-07 06:19:33','2019-05-07 06:19:33'),
	(280,0,5,1,'2019-05-07 06:19:49','2019-05-07 06:19:49'),
	(281,0,5,2,'2019-05-07 06:19:49','2019-05-07 06:19:49'),
	(282,0,5,1,'2019-05-07 06:19:51','2019-05-07 06:19:51'),
	(283,0,5,2,'2019-05-07 06:19:51','2019-05-07 06:19:51'),
	(284,0,5,1,'2019-05-07 06:20:17','2019-05-07 06:20:17'),
	(285,0,5,1,'2019-05-07 06:20:47','2019-05-07 06:20:47'),
	(286,0,5,2,'2019-05-07 06:20:57','2019-05-07 06:20:57'),
	(287,0,5,1,'2019-05-07 06:20:59','2019-05-07 06:20:59'),
	(288,0,5,2,'2019-05-07 06:21:23','2019-05-07 06:21:23'),
	(289,1,9,1,'2019-05-07 06:21:27','2019-05-07 06:21:27'),
	(290,1,9,2,'2019-05-07 06:21:32','2019-05-07 06:21:32'),
	(291,1,8,1,'2019-05-07 06:21:36','2019-05-07 06:21:36'),
	(292,1,8,2,'2019-05-07 06:26:57','2019-05-07 06:26:57'),
	(293,0,5,1,'2019-05-07 06:27:00','2019-05-07 06:27:00'),
	(294,0,5,2,'2019-05-07 06:27:15','2019-05-07 06:27:15'),
	(295,1,8,1,'2019-05-07 06:27:18','2019-05-07 06:27:18'),
	(296,1,8,2,'2019-05-07 06:27:18','2019-05-07 06:27:18'),
	(297,0,5,1,'2019-05-07 06:27:20','2019-05-07 06:27:20'),
	(298,0,5,2,'2019-05-07 06:27:29','2019-05-07 06:27:29'),
	(299,0,5,1,'2019-05-07 06:27:31','2019-05-07 06:27:31'),
	(300,0,5,2,'2019-05-07 06:27:32','2019-05-07 06:27:32'),
	(301,1,8,1,'2019-05-07 06:27:35','2019-05-07 06:27:35'),
	(302,1,8,1,'2019-05-07 06:53:41','2019-05-07 06:53:41'),
	(303,1,8,2,'2019-05-07 06:53:43','2019-05-07 06:53:43'),
	(304,1,8,1,'2019-05-07 06:53:47','2019-05-07 06:53:47'),
	(305,1,8,1,'2019-05-07 09:54:26','2019-05-07 09:54:26'),
	(306,1,8,2,'2019-05-07 10:35:59','2019-05-07 10:35:59'),
	(307,1,8,1,'2019-05-07 10:36:04','2019-05-07 10:36:04'),
	(308,1,8,2,'2019-05-07 10:37:05','2019-05-07 10:37:05'),
	(309,1,8,1,'2019-05-07 10:37:06','2019-05-07 10:37:06'),
	(310,1,8,2,'2019-05-07 10:38:01','2019-05-07 10:38:01'),
	(311,1,8,1,'2019-05-07 10:38:03','2019-05-07 10:38:03');

/*!40000 ALTER TABLE `events_user` ENABLE KEYS */;
UNLOCK TABLES;


# Dump of table invoice_item_user
# ------------------------------------------------------------



LOCK TABLES `invoice_item_user` WRITE;
/*!40000 ALTER TABLE `invoice_item_user` DISABLE KEYS */;

INSERT INTO `invoice_item_user` (`id`, `item_id`, `invoice_id`, `code`, `quantity`, `discount_amount`, `tax_name`, `description`, `item_total`, `tax_id`, `tax_type`, `price`, `product_id`, `account_name`, `name`, `tax_percentage`, `created_at`, `updated_at`)
VALUES
	(1,'1616760000000073298','1616760000000073286','my_mobile_life_quoter','1','0','','Charges for this duration (from 27-November-2018 to 26-November-2019 )','60','','tax','60','1616760000000071005','Sales','Mobile Quoter','0','2018-11-27 09:45:33','2018-11-27 09:45:33'),
	(2,'1616760000000081049','1616760000000081037','my_mobile_life_quoter','1','0','','Charges for this duration (from 28-November-2018 to 27-November-2019 )','60','','tax','60','1616760000000071005','Sales','Mobile Quoter','0','2018-11-28 16:43:59','2018-11-28 16:43:59'),
	(3,'1616760000000081171','1616760000000081159','my_mobile_life_quoter','1','0','','Charges for this duration (from 28-November-2018 to 27-November-2019 )','60','','tax','60','1616760000000071005','Sales','Mobile Quoter','0','2018-11-28 16:46:09','2018-11-28 16:46:09'),
	(4,'1616760000000081291','1616760000000081279','my_mobile_life_quoter','1','0','','Charges for this duration (from 28-November-2018 to 27-November-2019 )','60','','tax','60','1616760000000071005','Sales','Mobile Quoter','0','2018-11-28 16:46:53','2018-11-28 16:46:53'),
	(5,'1616760000000081411','1616760000000081399','my_mobile_life_quoter','1','0','','Charges for this duration (from 28-November-2018 to 27-November-2019 )','60','','tax','60','1616760000000071005','Sales','Mobile Quoter','0','2018-11-28 16:47:32','2018-11-28 16:47:32'),
	(6,'1616760000000081531','1616760000000081519','my_mobile_life_quoter','1','0','','Charges for this duration (from 28-November-2018 to 27-November-2019 )','60','','tax','60','1616760000000071005','Sales','Mobile Quoter','0','2018-11-28 16:49:01','2018-11-28 16:49:01'),
	(7,'1616760000000081651','1616760000000081639','my_mobile_life_quoter','1','0','','Charges for this duration (from 28-November-2018 to 27-November-2019 )','60','','tax','60','1616760000000071005','Sales','Mobile Quoter','0','2018-11-28 16:50:00','2018-11-28 16:50:00'),
	(8,'1616760000000081771','1616760000000081759','my_mobile_life_quoter','1','0','','Charges for this duration (from 28-November-2018 to 27-November-2019 )','60','','tax','60','1616760000000071005','Sales','Mobile Quoter','0','2018-11-28 16:50:45','2018-11-28 16:50:45'),
	(9,'1616760000000081893','1616760000000081881','my_mobile_life_quoter','1','0','','Charges for this duration (from 28-November-2018 to 27-November-2019 )','60','','tax','60','1616760000000071005','Sales','Mobile Quoter','0','2018-11-28 21:59:41','2018-11-28 21:59:41'),
	(10,'1616760000000082052','1616760000000082040','my_mobile_life_quoter','1','0','','Charges for this duration (from 28-November-2018 to 27-November-2019 )','60','','tax','60','1616760000000071005','Sales','Mobile Quoter','0','2018-11-28 22:57:54','2018-11-28 22:57:54'),
	(11,'1616760000000090044','1616760000000090032','my_mobile_life_quoter','1','0','','Charges for this duration (from 3-December-2018 to 2-December-2019 )','60','','tax','60','1616760000000071005','Sales','Mobile Quoter','0','2018-12-04 01:33:26','2018-12-04 01:33:26'),
	(12,'1616760000000090170','1616760000000090158','my_mobile_life_quoter','1','0','','Charges for this duration (from 3-December-2018 to 2-December-2019 )','60','','tax','60','1616760000000071005','Sales','Mobile Quoter','0','2018-12-04 03:23:50','2018-12-04 03:23:50'),
	(13,'1616760000000096170','1616760000000096158','my_mobile_life_quoter','1','0','','Charges for this duration (from 5-December-2018 to 4-December-2019 )','60','','tax','60','1616760000000071005','Sales','Mobile Quoter','0','2018-12-05 18:21:12','2018-12-05 18:21:12'),
	(14,'1616760000000104168','1616760000000104156','my_mobile_life_quoter','1','0','','Charges for this duration (from 5-December-2018 to 4-December-2019 )','60','','tax','60','1616760000000071005','Sales','Mobile Quoter','0','2018-12-05 22:45:26','2018-12-05 22:45:26'),
	(15,'1616760000000104292','1616760000000104280','my_mobile_life_quoter','1','0','','Charges for this duration (from 5-December-2018 to 4-December-2019 )','60','','tax','60','1616760000000071005','Sales','Mobile Quoter','0','2018-12-05 22:50:25','2018-12-05 22:50:25'),
	(16,'1616760000000112548','1616760000000112536','my_mobile_life_quoter','1','0','','Charges for this duration (from 6-December-2018 to 5-December-2019 )','60','','tax','60','1616760000000071005','Sales','Mobile Quoter','0','2018-12-06 18:57:16','2018-12-06 18:57:16'),
	(17,'1616760000000112672','1616760000000112660','my_mobile_life_quoter','1','0','','Charges for this duration (from 6-December-2018 to 5-December-2019 )','60','','tax','60','1616760000000071005','Sales','Mobile Quoter','0','2018-12-06 19:01:12','2018-12-06 19:01:12'),
	(18,'1616760000000112798','1616760000000112786','my_mobile_life_quoter','1','0','','Charges for this duration (from 6-December-2018 to 5-December-2019 )','60','','tax','60','1616760000000071005','Sales','Mobile Quoter','0','2018-12-06 19:06:23','2018-12-06 19:06:23'),
	(19,'1616760000000112924','1616760000000112912','my_mobile_life_quoter','1','0','','Charges for this duration (from 6-December-2018 to 5-December-2019 )','60','','tax','60','1616760000000071005','Sales','Mobile Quoter','0','2018-12-06 19:12:11','2018-12-06 19:12:11'),
	(20,'1616760000000111052','1616760000000111040','my_mobile_life_quoter','1','0','','Charges for this duration (from 6-December-2018 to 5-December-2019 )','60','','tax','60','1616760000000071005','Sales','Mobile Quoter','0','2018-12-06 21:05:55','2018-12-06 21:05:55'),
	(21,'1616760000000124044','1616760000000124032','my_mobile_life_quoter','1','0','','Charges for this duration (from 7-December-2018 to 6-December-2019 )','60','','tax','60','1616760000000071005','Sales','Mobile Quoter','0','2018-12-07 17:02:25','2018-12-07 17:02:25'),
	(22,'1616760000000136036','1616760000000136032','my_mobile_life_quoter','1','10','','Charges for this duration (from 12-December-2018 to 11-December-2019 )','50','','tax','60','1616760000000071005','Sales','Mobile Quoter','0','2018-12-12 16:42:01','2018-12-12 16:42:01'),
	(23,'1616760000000135038','1616760000000135034','my_mobile_life_quoter','1','10','','Charges for this duration (from 12-December-2018 to 11-December-2019 )','50','','tax','60','1616760000000071005','Sales','Mobile Quoter','0','2018-12-12 22:42:43','2018-12-12 22:42:43'),
	(24,'1616760000000140121','1616760000000140111','my_mobile_life_quoter','1','60','','Charges for this duration (from 12-December-2018 to 11-December-2019 )','0','','tax','60','1616760000000071005','Sales','Mobile Quoter','0','2018-12-13 12:05:49','2018-12-13 12:05:49'),
	(25,'1616760000000140215','1616760000000140205','my_mobile_life_quoter','1','60','','Charges for this duration (from 12-December-2018 to 11-December-2019 )','0','','tax','60','1616760000000071005','Sales','Mobile Quoter','0','2018-12-13 12:36:43','2018-12-13 12:36:43'),
	(26,'1616760000000151036','1616760000000151032','my_mobile_life_quoter','1','10','','Charges for this duration (from 13-December-2018 to 12-December-2019 )','50','','tax','60','1616760000000071005','Sales','Mobile Quoter','0','2018-12-13 16:52:25','2018-12-13 16:52:25'),
	(27,'1616760000000151158','1616760000000151154','my_mobile_life_quoter','1','10','','Charges for this duration (from 13-December-2018 to 12-December-2019 )','50','','tax','60','1616760000000071005','Sales','Mobile Quoter','0','2018-12-13 16:57:36','2018-12-13 16:57:36'),
	(28,'1616760000000151278','1616760000000151274','my_mobile_life_quoter','1','10','','Charges for this duration (from 13-December-2018 to 12-December-2019 )','50','','tax','60','1616760000000071005','Sales','Mobile Quoter','0','2018-12-13 17:08:38','2018-12-13 17:08:38'),
	(29,'1616760000000152040','1616760000000152036','my_mobile_life_quoter','1','10','','Charges for this duration (from 13-December-2018 to 12-December-2019 )','50','','tax','60','1616760000000071005','Sales','Mobile Quoter','0','2018-12-13 17:20:15','2018-12-13 17:20:15'),
	(30,'1616760000000151400','1616760000000151396','my_mobile_life_quoter','1','10','','Charges for this duration (from 13-December-2018 to 12-December-2019 )','50','','tax','60','1616760000000071005','Sales','Mobile Quoter','0','2018-12-13 18:00:54','2018-12-13 18:00:54'),
	(31,'1616760000000152166','1616760000000152162','my_mobile_life_quoter','1','10','','Charges for this duration (from 13-December-2018 to 12-December-2019 )','50','','tax','60','1616760000000071005','Sales','Mobile Quoter','0','2018-12-13 18:02:38','2018-12-13 18:02:38'),
	(32,'1616760000000150048','1616760000000150044','my_mobile_life_quoter','1','10','','Charges for this duration (from 13-December-2018 to 12-December-2019 )','50','','tax','60','1616760000000071005','Sales','Mobile Quoter','0','2018-12-13 18:17:27','2018-12-13 18:17:27'),
	(33,'1616760000000151522','1616760000000151518','my_mobile_life_quoter','1','10','','Charges for this duration (from 13-December-2018 to 12-December-2019 )','50','','tax','60','1616760000000071005','Sales','Mobile Quoter','0','2018-12-13 18:18:28','2018-12-13 18:18:28'),
	(34,'1616760000000151646','1616760000000151642','my_mobile_life_quoter','1','10','','Charges for this duration (from 13-December-2018 to 12-December-2019 )','50','','tax','60','1616760000000071005','Sales','Mobile Quoter','0','2018-12-13 21:04:49','2018-12-13 21:04:49'),
	(35,'1616760000000151855','1616760000000151851','my_mobile_life_quoter','1','10','','Charges for this duration (from 13-December-2018 to 12-December-2019 )','50','','tax','60','1616760000000071005','Sales','Mobile Quoter','0','2018-12-14 11:59:46','2018-12-14 11:59:46'),
	(36,'1616760000000150176','1616760000000150172','my_mobile_life_quoter','1','10','','Charges for this duration (from 13-December-2018 to 12-December-2019 )','50','','tax','60','1616760000000071005','Sales','Mobile Quoter','0','2018-12-14 12:12:01','2018-12-14 12:12:01'),
	(37,'1616760000000173589','1616760000000173577','my_mobile_life_quoter','1','0','','Charges for this duration (from 17-January-2019 to 16-January-2020 )','60','','tax','60','1616760000000071005','Sales','Mobile Quoter','0','2019-01-18 02:01:05','2019-01-18 02:01:05'),
	(38,'1616760000000173705','1616760000000173693','my_mobile_life_quoter','1','0','','Charges for this duration (from 17-January-2019 to 16-January-2020 )','60','','tax','60','1616760000000071005','Sales','Mobile Quoter','0','2019-01-18 13:16:51','2019-01-18 13:16:51'),
	(39,'1616760000000183048','1616760000000183036','my_mobile_life_quoter','1','0','','Charges for this duration (from 18-January-2019 to 17-January-2020 )','60','','tax','60','1616760000000071005','Sales','Mobile Quoter','0','2019-01-18 22:02:10','2019-01-18 22:02:10'),
	(40,'1616760000000183282','1616760000000183270','my_mobile_life_quoter','1','0','','Charges for this duration (from 18-January-2019 to 17-January-2020 )','60','','tax','60','1616760000000071005','Sales','Mobile Quoter','0','2019-01-18 22:42:37','2019-01-18 22:42:37'),
	(41,'1616760000000183398','1616760000000183386','my_mobile_life_quoter','1','0','','Charges for this duration (from 18-January-2019 to 17-January-2020 )','60','','tax','60','1616760000000071005','Sales','Mobile Quoter','0','2019-01-18 22:48:23','2019-01-18 22:48:23'),
	(42,'1616760000000183515','1616760000000183511','my_mobile_life_quoter','1','10','','Charges for this duration (from 20-January-2019 to 19-January-2020 )','50','','tax','60','1616760000000071005','Sales','Mobile Quoter','0','2019-01-20 15:58:00','2019-01-20 15:58:00'),
	(43,'1616760000000183637','1616760000000183633','my_mobile_life_quoter','1','10','','Charges for this duration (from 20-January-2019 to 19-January-2020 )','50','','tax','60','1616760000000071005','Sales','Mobile Quoter','0','2019-01-20 22:33:52','2019-01-20 22:33:52'),
	(44,'1616760000000183759','1616760000000183755','my_mobile_life_quoter','1','10','','Charges for this duration (from 20-January-2019 to 19-January-2020 )','50','','tax','60','1616760000000071005','Sales','Mobile Quoter','0','2019-01-20 22:42:46','2019-01-20 22:42:46'),
	(45,'1616760000000183896','1616760000000183884','my_mobile_life_quoter','1','0','','Charges for this duration (from 21-January-2019 to 20-January-2020 )','60','','tax','60','1616760000000071005','Sales','Mobile Quoter','0','2019-01-21 17:00:19','2019-01-21 17:00:19'),
	(46,'1616760000000185026','1616760000000185014','my_mobile_life_quoter','1','0','','Charges for this duration (from 21-January-2019 to 20-January-2020 )','60','','tax','60','1616760000000071005','Sales','Mobile Quoter','0','2019-01-21 21:01:52','2019-01-21 21:01:52'),
	(47,'1616760000000188044','1616760000000188032','my_mobile_life_quoter','1','0','','Charges for this duration (from 21-January-2019 to 20-January-2020 )','60','','tax','60','1616760000000071005','Sales','Mobile Quoter','0','2019-01-22 00:26:55','2019-01-22 00:26:55'),
	(48,'1616760000000186169','1616760000000186165','my_mobile_life_quoter','1','10','','Charges for this duration (from 21-January-2019 to 20-January-2020 )','50','','tax','60','1616760000000071005','Sales','Mobile Quoter','0','2019-01-22 13:28:31','2019-01-22 13:28:31'),
	(49,'1616760000000193964','1616760000000193960','my_mobile_life_quoter','1','10','','Charges for this duration (from 22-January-2019 to 21-January-2020 )','50','','tax','60','1616760000000071005','Sales','Mobile Quoter','0','2019-01-22 16:32:38','2019-01-22 16:32:38'),
	(50,'1616760000000200199','1616760000000200195','my_mobile_life_quoter','1','10','','Charges for this duration (from 23-January-2019 to 22-January-2020 )','50','','tax','60','1616760000000071005','Sales','Mobile Quoter','0','2019-01-23 15:40:47','2019-01-23 15:40:47'),
	(51,'1616760000000200437','1616760000000200433','my_mobile_life_quoter','1','10','','Charges for this duration (from 23-January-2019 to 22-January-2020 )','50','','tax','60','1616760000000071005','Sales','Mobile Quoter','0','2019-01-23 17:45:33','2019-01-23 17:45:33'),
	(52,'1616760000000200603','1616760000000200599','my_mobile_life_quoter','1','10','','Charges for this duration (from 23-January-2019 to 22-January-2020 )','50','','tax','60','1616760000000071005','Sales','Mobile Quoter','0','2019-01-23 22:30:38','2019-01-23 22:30:38'),
	(53,'1616760000000200745','1616760000000200741','my_mobile_life_quoter','1','10','','Charges for this duration (from 23-January-2019 to 22-January-2020 )','50','','tax','60','1616760000000071005','Sales','Mobile Quoter','0','2019-01-24 00:21:52','2019-01-24 00:21:52'),
	(54,'1616760000000200889','1616760000000200885','my_mobile_life_quoter','1','10','','Charges for this duration (from 23-January-2019 to 22-January-2020 )','50','','tax','60','1616760000000071005','Sales','Mobile Quoter','0','2019-01-24 00:28:51','2019-01-24 00:28:51'),
	(55,'1616760000000205066','1616760000000205062','my_mobile_life_quoter','1','10','','Charges for this duration (from 23-January-2019 to 22-January-2020 )','50','','tax','60','1616760000000071005','Sales','Mobile Quoter','0','2019-01-24 00:40:01','2019-01-24 00:40:01'),
	(56,'1616760000000205210','1616760000000205206','my_mobile_life_quoter','1','10','','Charges for this duration (from 23-January-2019 to 22-January-2020 )','50','','tax','60','1616760000000071005','Sales','Mobile Quoter','0','2019-01-24 00:51:43','2019-01-24 00:51:43'),
	(57,'1616760000000205354','1616760000000205350','my_mobile_life_quoter','1','10','','Charges for this duration (from 23-January-2019 to 22-January-2020 )','50','','tax','60','1616760000000071005','Sales','Mobile Quoter','0','2019-01-24 01:05:45','2019-01-24 01:05:45'),
	(58,'1616760000000207036','1616760000000207032','my_mobile_life_quoter','1','10','','Charges for this duration (from 24-January-2019 to 23-January-2020 )','50','','tax','60','1616760000000071005','Sales','Mobile Quoter','0','2019-01-24 17:50:30','2019-01-24 17:50:30'),
	(59,'1616760000000207239','1616760000000207235','my_mobile_life_quoter','1','10','','Charges for this duration (from 24-January-2019 to 23-January-2020 )','50','','tax','60','1616760000000071005','Sales','Mobile Quoter','0','2019-01-24 18:34:34','2019-01-24 18:34:34'),
	(60,'1616760000000211087','1616760000000211083','my_mobile_life_quoter','1','10','','Charges for this duration (from 25-January-2019 to 24-January-2020 )','50','','tax','60','1616760000000071005','Sales','Mobile Quoter','0','2019-01-25 17:10:44','2019-01-25 17:10:44'),
	(61,'1616760000000215283','1616760000000215279','my_mobile_life_quoter','1','10','','Charges for this duration (from 25-January-2019 to 24-January-2020 )','50','','tax','60','1616760000000071005','Sales','Mobile Quoter','0','2019-01-25 22:47:57','2019-01-25 22:47:57'),
	(62,'1616760000000215559','1616760000000215555','my_mobile_life_quoter','1','10','','Charges for this duration (from 25-January-2019 to 24-January-2020 )','50','','tax','60','1616760000000071005','Sales','Mobile Quoter','0','2019-01-25 23:31:14','2019-01-25 23:31:14'),
	(63,'1616760000000215780','1616760000000215776','my_mobile_life_quoter','1','10','','Charges for this duration (from 25-January-2019 to 24-January-2020 )','50','','tax','60','1616760000000071005','Sales','Mobile Quoter','0','2019-01-25 23:45:12','2019-01-25 23:45:12'),
	(64,'1616760000000215902','1616760000000215898','my_mobile_life_quoter','1','10','','Charges for this duration (from 25-January-2019 to 24-January-2020 )','50','','tax','60','1616760000000071005','Sales','Mobile Quoter','0','2019-01-25 23:48:10','2019-01-25 23:48:10'),
	(65,'1616760000000219184','1616760000000219180','my_mobile_life_quoter','1','10','','Charges for this duration (from 25-January-2019 to 24-January-2020 )','50','','tax','60','1616760000000071005','Sales','Mobile Quoter','0','2019-01-26 00:31:51','2019-01-26 00:31:51'),
	(66,'1612310000000138038','1612310000000138034','my_mobile_life_quoter','1','10','','Charges for this duration (from 25-January-2019 to 24-January-2020 )','50','','tax','60','1612310000000125087','Sales','Mobile Quoter','0','2019-01-26 01:00:17','2019-01-26 01:00:17'),
	(67,'1612310000000179036','1612310000000179032','my_mobile_life_quoter','1','10','','Charges for this duration (from 19-February-2019 to 18-February-2020 )','50','','tax','60','1612310000000125087','Sales','Mobile Quoter','0','2019-02-20 07:59:55','2019-02-20 07:59:55'),
	(68,'1612310000000188044','1612310000000188032','my_mobile_life_quoter','1','0','','Charges for this duration (from 22-February-2019 to 21-February-2020 )','60','','tax','60','1612310000000125087','Sales','Mobile Quoter','0','2019-02-23 13:03:46','2019-02-23 13:03:46'),
	(69,'1612310000000192044','1612310000000192032','my_mobile_life_quoter','1','0','','Charges for this duration (from 27-February-2019 to 26-February-2020 )','60','','tax','60','1612310000000125087','Sales','Mobile Quoter','0','2019-02-28 02:31:50','2019-02-28 02:31:50'),
	(70,'1612310000000200036','1612310000000200032','my_mobile_life_quoter','1','10','','Charges for this duration (from 4-March-2019 to 3-March-2020 )','50','','tax','60','1612310000000125087','Sales','Mobile Quoter','0','2019-03-04 23:28:55','2019-03-04 23:28:55'),
	(71,'1612310000000214046','1612310000000214034','my_mobile_life_quoter','1','0','','Charges for this duration (from 15-March-2019 to 14-March-2020 )','60','','tax','60','1612310000000125087','Sales','Mobile Quoter','0','2019-03-15 21:12:23','2019-03-15 21:12:23');

/*!40000 ALTER TABLE `invoice_item_user` ENABLE KEYS */;
UNLOCK TABLES;


# Dump of table invoice_user
# ------------------------------------------------------------


LOCK TABLES `invoice_user` WRITE;
/*!40000 ALTER TABLE `invoice_user` DISABLE KEYS */;

INSERT INTO `invoice_user` (`id`, `user_id`, `number`, `invoice_id`, `invoice_date`, `customer_id`, `status`, `currency_code`, `sub_total`, `total`, `customer_name`, `invoice_url`, `created_at`, `updated_at`)
VALUES
	(42,9,'AQ-005074','1616760000000173693','2019-01-17','1616760000000173674','paid','USD','60','60','Test2 Two','https://subscriptions.zoho.com/portal/agentquote2018test/secure?CInvoiceID=2-f7bf1e13850d76221bb8cbdb2df5260c86c95e16a74a471cfa06b013c609f93127da833a52195b7491034d328241f09b0c8b920caf7a621fb00d3279baaade4632f2d422110cf256 ','2019-01-18 15:59:17','2019-01-18 15:59:17'),
	(43,10,'AQ-005074','1616760000000173693','2019-01-17','1616760000000173674','paid','USD','60','60','Test2 Two','https://subscriptions.zoho.com/portal/agentquote2018test/secure?CInvoiceID=2-f7bf1e13850d76221bb8cbdb2df5260c86c95e16a74a471cf9cb7344afc2549dba5b8a89a9b71fb391034d328241f09b0c8b920caf7a621f3b18966342a08bc68362122172f8cf69 ','2019-01-18 16:02:52','2019-01-18 16:02:52'),
	(44,11,'AQ-005074','1616760000000173693','2019-01-17','1616760000000173674','paid','USD','60','60','Test2 Two','https://subscriptions.zoho.com/portal/agentquote2018test/secure?CInvoiceID=2-f7bf1e13850d76221bb8cbdb2df5260c86c95e16a74a471ce04c5013d4305bb71989bc13aa2cd72c91034d328241f09b0c8b920caf7a621f6e547880a83c5b79b9ffaf52a02f68a1 ','2019-01-18 16:06:17','2019-01-18 16:06:17'),
	(45,12,'AQ-005074','1616760000000173693','2019-01-17','1616760000000173674','paid','USD','60','60','Test2 Two','https://subscriptions.zoho.com/portal/agentquote2018test/secure?CInvoiceID=2-f7bf1e13850d76221bb8cbdb2df5260c86c95e16a74a471c4e89f2330d83a5f418cc0b860fb57a9491034d328241f09b0c8b920caf7a621f3b30c796d45ce1ea01ea8b6857779caa ','2019-01-18 16:55:38','2019-01-18 16:55:38'),
	(46,13,'AQ-005074','1616760000000173693','2019-01-17','1616760000000173674','paid','USD','60','60','Test2 Two','https://subscriptions.zoho.com/portal/agentquote2018test/secure?CInvoiceID=2-f7bf1e13850d76221bb8cbdb2df5260c86c95e16a74a471c0db37061225465a60afa72fb81e7454b91034d328241f09b0c8b920caf7a621f95597d0a3c7fcac48dc16af40f4ee70a ','2019-01-18 16:56:38','2019-01-18 16:56:38'),
	(47,14,'AQ-005075','1616760000000183036','2019-01-18','1616760000000183017','paid','USD','60','60','Joe Smith','https://subscriptions.zoho.com/portal/agentquote2018test/secure?CInvoiceID=2-f7bf1e13850d7622fb9a99ad79938e723ecbdaa45eb1cc921d4e53bb4212298bd2de753344db8eac91034d328241f09b0c8b920caf7a621fe6ed275996b5aa4011e80a707f5b3196 ','2019-01-18 22:02:10','2019-01-18 22:02:10'),
	(48,16,'AQ-005077','1616760000000183270','2019-01-18','1616760000000183251','paid','USD','60','60','Test2 Two','https://subscriptions.zoho.com/portal/agentquote2018test/secure?CInvoiceID=2-f7bf1e13850d7622fb9a99ad79938e72aa34c3423c056c7eec3922a9ad57109f6705d081c2e08b0391034d328241f09b0c8b920caf7a621fe6ed275996b5aa4011e80a707f5b3196 ','2019-01-18 22:42:37','2019-01-18 22:42:37'),
	(49,17,'AQ-005078','1616760000000183386','2019-01-18','1616760000000183367','paid','USD','60','60','Franklin Decker','https://subscriptions.zoho.com/portal/agentquote2018test/secure?CInvoiceID=2-f7bf1e13850d7622fb9a99ad79938e72425c7ed2dcc7b4f673e263dc56e3fdcf3d72002b047849b691034d328241f09b0c8b920caf7a621fe6ed275996b5aa4011e80a707f5b3196 ','2019-01-18 22:48:23','2019-01-18 22:48:23'),
	(50,18,'AQ-005079','1616760000000183511','2019-01-20','1616760000000183492','paid','USD','50','50','Test2 Two','https://subscriptions.zoho.com/portal/agentquote2018test/secure?CInvoiceID=2-f7bf1e13850d7622fb9a99ad79938e7284c790682d54d168ae124b88765337cb9976be8910f1ecd491034d328241f09b0c8b920caf7a621fbd60d0a72d4feb2411e80a707f5b3196 ','2019-01-20 15:58:00','2019-01-20 15:58:00'),
	(51,19,'AQ-005080','1616760000000183633','2019-01-20','1616760000000183614','paid','USD','50','50','Test2 Two','https://subscriptions.zoho.com/portal/agentquote2018test/secure?CInvoiceID=2-f7bf1e13850d7622fb9a99ad79938e7262c4a961e0cc12bcf2f3646ad65c9e0aad04d911dbdc5a4c91034d328241f09b0c8b920caf7a621fbd60d0a72d4feb2411e80a707f5b3196 ','2019-01-20 22:33:52','2019-01-20 22:33:52'),
	(52,20,'AQ-005081','1616760000000183755','2019-01-20','1616760000000183736','paid','USD','50','50','Test2 Two','https://subscriptions.zoho.com/portal/agentquote2018test/secure?CInvoiceID=2-f7bf1e13850d7622fb9a99ad79938e72f7f9dde51c8930b38946923345261538f4e980eeb07aecd591034d328241f09b0c8b920caf7a621fbd60d0a72d4feb2411e80a707f5b3196 ','2019-01-20 22:42:46','2019-01-20 22:42:46'),
	(53,22,'AQ-005081','1616760000000183755','2019-01-20','1616760000000183736','paid','USD','50','50','Test2 Two','https://subscriptions.zoho.com/portal/agentquote2018test/secure?CInvoiceID=2-f7bf1e13850d7622fb9a99ad79938e72f7f9dde51c8930b3c6a6d8e8b1eea55aa839d8f1f8065a4c91034d328241f09b0c8b920caf7a621fbd60d0a72d4feb2411e80a707f5b3196 ','2019-01-20 22:44:28','2019-01-20 22:44:28'),
	(54,23,'AQ-005081','1616760000000183755','2019-01-20','1616760000000183736','paid','USD','50','50','Test2 Two','https://subscriptions.zoho.com/portal/agentquote2018test/secure?CInvoiceID=2-f7bf1e13850d7622fb9a99ad79938e72f7f9dde51c8930b3f253f751b42db1f9339c0339950ab78d91034d328241f09b0c8b920caf7a621fbd60d0a72d4feb2411e80a707f5b3196 ','2019-01-20 22:52:46','2019-01-20 22:52:46'),
	(55,24,'AQ-005081','1616760000000183755','2019-01-20','1616760000000183736','paid','USD','50','50','Test2 Two','https://subscriptions.zoho.com/portal/agentquote2018test/secure?CInvoiceID=2-f7bf1e13850d7622fb9a99ad79938e72f7f9dde51c8930b3f88f6dcee43ec9782313c6ede177d4c191034d328241f09b0c8b920caf7a621fbd60d0a72d4feb2411e80a707f5b3196 ','2019-01-20 22:56:45','2019-01-20 22:56:45'),
	(56,25,'AQ-005081','1616760000000183755','2019-01-20','1616760000000183736','paid','USD','50','50','Test2 Two','https://subscriptions.zoho.com/portal/agentquote2018test/secure?CInvoiceID=2-f7bf1e13850d7622fb9a99ad79938e72f7f9dde51c8930b3dcfb98f746f80397cd4fc3aed3caa16391034d328241f09b0c8b920caf7a621fbd60d0a72d4feb2411e80a707f5b3196 ','2019-01-20 22:57:54','2019-01-20 22:57:54'),
	(57,26,'AQ-005082','1616760000000183884','2019-01-21','1616760000000183865','paid','USD','60','60','Test2 Two','https://subscriptions.zoho.com/portal/agentquote2018test/secure?CInvoiceID=2-f7bf1e13850d7622fb9a99ad79938e72e39c4025c0611e89934697be56466706f7deaf743188ceb991034d328241f09b0c8b920caf7a621f000cef5d3c16731a11e80a707f5b3196 ','2019-01-21 17:00:19','2019-01-21 17:00:19'),
	(58,27,'AQ-005083','1616760000000185014','2019-01-21','1616760000000183995','paid','USD','60','60','Test2 Two','https://subscriptions.zoho.com/portal/agentquote2018test/secure?CInvoiceID=2-f7bf1e13850d76227ef981c005755faae05d11ca99166b0e0b1536b344242c9c101119b36a935fc891034d328241f09b0c8b920caf7a621f000cef5d3c16731a11e80a707f5b3196 ','2019-01-21 21:01:52','2019-01-21 21:01:52'),
	(59,28,'AQ-005085','1616760000000188032','2019-01-21','1616760000000188013','paid','USD','60','60','Tony Sarlese','https://subscriptions.zoho.com/portal/agentquote2018test/secure?CInvoiceID=2-f7bf1e13850d762217a1d07b84e2b676ee4d3053e8c36bffce3db9c80cc0d328b019b38118bc31d491034d328241f09b0c8b920caf7a621f000cef5d3c16731a11e80a707f5b3196 ','2019-01-22 00:26:55','2019-01-22 00:26:55'),
	(60,29,'AQ-005086','1616760000000186165','2019-01-21','1616760000000186146','paid','USD','50','50','Frank D','https://subscriptions.zoho.com/portal/agentquote2018test/secure?CInvoiceID=2-f7bf1e13850d76220965b42c0641f373042cb8aa4cafb03cddc8f2f296faea794d19ca467bd70ce991034d328241f09b0c8b920caf7a621f000cef5d3c16731a11e80a707f5b3196 ','2019-01-22 13:28:31','2019-01-22 13:28:31'),
	(61,30,'AQ-005087','1616760000000193960','2019-01-22','1616760000000193941','paid','USD','50','50','Tester Oner','https://subscriptions.zoho.com/portal/agentquote2018test/secure?CInvoiceID=2-f7bf1e13850d7622022366f8ad58fa08f504bf71aafe4cb66eb58f3b2b4155014704f2697b3dc88991034d328241f09b0c8b920caf7a621fe8050ca0d533703111e80a707f5b3196 ','2019-01-22 16:32:38','2019-01-22 16:32:38'),
	(62,31,'AQ-005099','1616760000000200195','2019-01-23','1616760000000200176','paid','USD','50','50','Frank Decker3','https://zohosecurepay.com/subscriptions/agentquote2018test/secure?CInvoiceID=2-f7bf1e13850d7622cad4dc844ef0ceebf6bf2a131423edb1121e467090b5fb9dc83068b4860535a891034d328241f09b0c8b920caf7a621f6290e760c6653f6811e80a707f5b3196 ','2019-01-23 15:40:47','2019-01-23 15:40:47'),
	(63,32,'AQ-005102','1616760000000200433','2019-01-23','1616760000000200414','paid','USD','50','50','Franklin Decker','https://zohosecurepay.com/subscriptions/agentquote2018test/secure?CInvoiceID=2-f7bf1e13850d7622cad4dc844ef0ceeb5072883e9babeebc9aa761a24d1695fe35823b471139ce1991034d328241f09b0c8b920caf7a621f6290e760c6653f6811e80a707f5b3196 ','2019-01-23 17:45:33','2019-01-23 17:45:33'),
	(64,33,'AQ-005103','1616760000000200599','2019-01-23','1616760000000200580','paid','USD','50','50','Franklin Decker','https://zohosecurepay.com/subscriptions/agentquote2018test/secure?CInvoiceID=2-f7bf1e13850d7622cad4dc844ef0ceeba28cb9a8e44d898984d1860940a4e3cd1c23b95eb40139c491034d328241f09b0c8b920caf7a621f6290e760c6653f6811e80a707f5b3196 ','2019-01-23 22:30:38','2019-01-23 22:30:38'),
	(65,34,'AQ-005105','1616760000000200741','2019-01-23','1616760000000200722','paid','USD','50','50','Micro Test','https://zohosecurepay.com/subscriptions/agentquote2018test/secure?CInvoiceID=2-f7bf1e13850d7622cad4dc844ef0ceeb1d873c11543f83d56bbd12a63e44115ce4c3957eddc0f34f91034d328241f09b0c8b920caf7a621f6290e760c6653f6811e80a707f5b3196 ','2019-01-24 00:21:52','2019-01-24 00:21:52'),
	(66,35,'AQ-005107','1616760000000200885','2019-01-23','1616760000000200866','paid','USD','50','50','Franklin Decker','https://zohosecurepay.com/subscriptions/agentquote2018test/secure?CInvoiceID=2-f7bf1e13850d7622cad4dc844ef0ceebd61b69f8fae05b819cd227d8a6f0490977db3bee5c34f3e191034d328241f09b0c8b920caf7a621f6290e760c6653f6811e80a707f5b3196 ','2019-01-24 00:28:51','2019-01-24 00:28:51'),
	(67,36,'AQ-005108','1616760000000205062','2019-01-23','1616760000000205043','paid','USD','50','50','Franklin Decker','https://zohosecurepay.com/subscriptions/agentquote2018test/secure?CInvoiceID=2-f7bf1e13850d7622e92f35d449b68d390c1333b406d592b5b8c8818a253a1d42fc4fdb25d214638291034d328241f09b0c8b920caf7a621f6290e760c6653f6811e80a707f5b3196 ','2019-01-24 00:40:01','2019-01-24 00:40:01'),
	(68,37,'AQ-005110','1616760000000205206','2019-01-23','1616760000000205187','paid','USD','50','50','Franklin Decker','https://zohosecurepay.com/subscriptions/agentquote2018test/secure?CInvoiceID=2-f7bf1e13850d7622e92f35d449b68d39235013e9defdb2ef15c40949f6a85311947e2a60b674c50491034d328241f09b0c8b920caf7a621f6290e760c6653f6811e80a707f5b3196 ','2019-01-24 00:51:43','2019-01-24 00:51:43'),
	(69,38,'AQ-005112','1616760000000205350','2019-01-23','1616760000000205331','paid','USD','50','50','Franklin Decker','https://zohosecurepay.com/subscriptions/agentquote2018test/secure?CInvoiceID=2-f7bf1e13850d7622e92f35d449b68d39394b41354a4f001bce003a5979621e0cade63b18e8c7dcd791034d328241f09b0c8b920caf7a621f6290e760c6653f6811e80a707f5b3196 ','2019-01-24 01:05:45','2019-01-24 01:05:45'),
	(70,39,'AQ-005115','1616760000000207032','2019-01-24','1616760000000207013','paid','USD','50','50','Franklin Decker','https://zohosecurepay.com/subscriptions/agentquote2018test/secure?CInvoiceID=2-f7bf1e13850d7622d68aa9b890bf12f9ee4d3053e8c36bffddfe27af7c96a9e76d25365629acdf2491034d328241f09b0c8b920caf7a621f09ad5e721b94bda811e80a707f5b3196 ','2019-01-24 17:50:30','2019-01-24 17:50:30'),
	(71,40,'AQ-005117','1616760000000207235','2019-01-24','1616760000000207216','paid','USD','50','50','Franklin Decker','https://zohosecurepay.com/subscriptions/agentquote2018test/secure?CInvoiceID=2-f7bf1e13850d7622d68aa9b890bf12f93be0411b976a7afd57493c469bef95e5e3049bb095f6734991034d328241f09b0c8b920caf7a621f09ad5e721b94bda811e80a707f5b3196 ','2019-01-24 18:34:34','2019-01-24 18:34:34'),
	(72,41,'AQ-005120','1616760000000211083','2019-01-25','1616760000000211064','paid','USD','50','50','Franklin Decker','https://zohosecurepay.com/subscriptions/agentquote2018test/secure?CInvoiceID=2-f7bf1e13850d762293b380fe5f28cf7ee7d27b6adcca0d7392b6d1a32c79384802717e16a741ef6591034d328241f09b0c8b920caf7a621f6126c8d9beef6d5211e80a707f5b3196 ','2019-01-25 17:10:44','2019-01-25 17:10:44'),
	(73,42,'AQ-005126','1616760000000215279','2019-01-25','1616760000000215260','paid','USD','50','50','Joe Decker','https://zohosecurepay.com/subscriptions/agentquote2018test/secure?CInvoiceID=2-f7bf1e13850d7622a0e685a421ccab233304b8d4dae51acbd508b12077137d7eb6be557ec777c4e691034d328241f09b0c8b920caf7a621f6126c8d9beef6d5211e80a707f5b3196 ','2019-01-25 22:47:57','2019-01-25 22:47:57'),
	(74,43,'AQ-005128','1616760000000215555','2019-01-25','1616760000000215536','paid','USD','50','50','Test2 Two','https://zohosecurepay.com/subscriptions/agentquote2018test/secure?CInvoiceID=2-f7bf1e13850d7622a0e685a421ccab239287af59b8ca73306ef77ae094dc1ff66b69b4183ecb976291034d328241f09b0c8b920caf7a621f6126c8d9beef6d5211e80a707f5b3196 ','2019-01-25 23:31:14','2019-01-25 23:31:14'),
	(75,44,'AQ-005130','1616760000000215776','2019-01-25','1616760000000215757','paid','USD','50','50','Franklin Deckerer','https://zohosecurepay.com/subscriptions/agentquote2018test/secure?CInvoiceID=2-f7bf1e13850d7622a0e685a421ccab23ebedcbaa9100174dd6f4304fbc8fbedc05ce6d7e6f8d635b91034d328241f09b0c8b920caf7a621f6126c8d9beef6d5211e80a707f5b3196 ','2019-01-25 23:45:12','2019-01-25 23:45:12'),
	(76,45,'AQ-005131','1616760000000215898','2019-01-25','1616760000000215879','paid','USD','50','50','Franklin Deckers','https://zohosecurepay.com/subscriptions/agentquote2018test/secure?CInvoiceID=2-f7bf1e13850d7622a0e685a421ccab237a09e08f216587b30815bc37eee12e4ca7ec88042de64aff91034d328241f09b0c8b920caf7a621f6126c8d9beef6d5211e80a707f5b3196 ','2019-01-25 23:48:10','2019-01-25 23:48:10'),
	(77,46,'AQ-005133','1616760000000219180','2019-01-25','1616760000000219161','paid','USD','50','50','First Paypal','https://zohosecurepay.com/subscriptions/agentquote2018test/secure?CInvoiceID=2-f7bf1e13850d76225cc9f7e68c11511559b0641215eb4f4b1f72074d6a5d4675947e2a60b674c50491034d328241f09b0c8b920caf7a621f6126c8d9beef6d5211e80a707f5b3196 ','2019-01-26 00:31:51','2019-01-26 00:31:51'),
	(78,47,'INV-AQ-73249','1612310000000138034','2019-01-25','1612310000000138015','paid','USD','50','50','Patrick Pegram','https://subscriptions.mymobilelifequoter.com/portal/agentquoter/secure?CInvoiceID=2-a649294517db6380c0b604ee83135fb2ae12c49e71e0438a3dee2cb59142733cfa193e4278f81fdc91034d328241f09b8d24acf793b2b7bc6126c8d9beef6d5211e80a707f5b3196 ','2019-01-26 01:00:17','2019-01-26 01:00:17'),
	(79,125,'INV-AQ-73280','1612310000000179032','2019-02-19','1612310000000179013','paid','USD','50','50','Floyd West','https://subscriptions.mymobilelifequoter.com/portal/agentquoter/secure?CInvoiceID=2-a649294517db6380a4d2f78d0c4b1402ee4d3053e8c36bfffbec65dc6fa2a79e4ad5f72e50715b8c91034d328241f09b8d24acf793b2b7bccd0099b67dcd64fd11e80a707f5b3196 ','2019-02-20 07:59:55','2019-02-20 07:59:55'),
	(80,126,'INV-AQ-73281','1612310000000188032','2019-02-22','1612310000000188013','paid','USD','60','60','Larry Lerner','https://subscriptions.mymobilelifequoter.com/portal/agentquoter/secure?CInvoiceID=2-a649294517db638017a1d07b84e2b676ee4d3053e8c36bffaed75f6cb1eed85cccb14daf8aee2c0891034d328241f09b8d24acf793b2b7bcf25cdac6aaa6d8f611e80a707f5b3196 ','2019-02-23 13:03:46','2019-02-23 13:03:46'),
	(81,127,'INV-AQ-73282','1612310000000192032','2019-02-27','1612310000000192013','paid','USD','60','60','ANITA PARSONS KING','https://subscriptions.mymobilelifequoter.com/portal/agentquoter/secure?CInvoiceID=2-a649294517db63800a77a087dfbe2a15ee4d3053e8c36bff13e7fc88ef6caafe3cbaef9ade946ed891034d328241f09b8d24acf793b2b7bc61a1a56c64c1c5a211e80a707f5b3196 ','2019-02-28 02:31:50','2019-02-28 02:31:50'),
	(82,128,'INV-AQ-73283','1612310000000200032','2019-03-04','1612310000000200013','paid','USD','50','50','Katherine Clark','https://subscriptions.mymobilelifequoter.com/portal/agentquoter/secure?CInvoiceID=2-a649294517db6380cad4dc844ef0ceebee4d3053e8c36bffe1df18a8dcf3775c25f1be442174586691034d328241f09b8d24acf793b2b7bc163792e7a0c4b39c11e80a707f5b3196 ','2019-03-04 23:28:55','2019-03-04 23:28:55'),
	(83,129,'INV-AQ-73284','1612310000000214034','2019-03-15','1612310000000214015','paid','USD','60','60','Randy Catlett','https://subscriptions.mymobilelifequoter.com/portal/agentquoter/secure?CInvoiceID=2-a649294517db6380756e6b94e4d03908ae12c49e71e0438a6e6a90d63e65d4db7239059273acffdf91034d328241f09b240618ce8a0fc6968cc7688e7065969011e80a707f5b3196 ','2019-03-15 21:12:23','2019-03-15 21:12:23');

/*!40000 ALTER TABLE `invoice_user` ENABLE KEYS */;
UNLOCK TABLES;


# Dump of table leads_user
# ------------------------------------------------------------



# Dump of table logins_log
# ------------------------------------------------------------


LOCK TABLES `logins_log` WRITE;
/*!40000 ALTER TABLE `logins_log` DISABLE KEYS */;

INSERT INTO `logins_log` (`id`, `affiliate_id`, `user_id`, `event_id`, `created_at`, `updated_at`)
VALUES
	(38,1,1,'2','2019-04-26 14:12:29','2019-04-26 14:12:29'),
	(39,1,1,'1','2019-04-26 14:12:31','2019-04-26 14:12:31'),
	(40,1,1,'2','2019-04-26 14:12:33','2019-04-26 14:12:33'),
	(41,1,1,'1','2019-04-26 14:12:35','2019-04-26 14:12:35'),
	(42,1,1,'2','2019-04-26 14:12:46','2019-04-26 14:12:46'),
	(43,1,8,'1','2019-04-26 14:12:50','2019-04-26 14:12:50'),
	(44,1,8,'2','2019-04-26 14:13:06','2019-04-26 14:13:06'),
	(45,1,1,'1','2019-04-26 14:13:10','2019-04-26 14:13:10'),
	(46,1,9,'16','2019-04-26 15:19:07','2019-04-26 15:19:07'),
	(47,1,1,'2','2019-04-26 15:20:16','2019-04-26 15:20:16'),
	(48,1,9,'1','2019-04-26 15:20:23','2019-04-26 15:20:23'),
	(49,1,9,'17','2019-04-26 15:20:37','2019-04-26 15:20:37'),
	(50,1,169,'16','2019-04-26 15:22:48','2019-04-26 15:22:48'),
	(51,1,9,'2','2019-04-26 15:23:11','2019-04-26 15:23:11'),
	(52,1,169,'1','2019-04-26 15:23:17','2019-04-26 15:23:17'),
	(53,1,169,'17','2019-04-26 15:23:29','2019-04-26 15:23:29'),
	(54,1,7,'16','2019-04-26 15:24:00','2019-04-26 15:24:00'),
	(55,1,169,'2','2019-04-26 15:24:16','2019-04-26 15:24:16'),
	(56,1,7,'1','2019-04-26 15:24:21','2019-04-26 15:24:21'),
	(57,1,7,'17','2019-04-26 15:24:38','2019-04-26 15:24:38'),
	(58,1,7,'2','2019-04-26 15:26:26','2019-04-26 15:26:26'),
	(59,1,1,'1','2019-04-26 15:26:28','2019-04-26 15:26:28'),
	(60,1,1,'2','2019-04-26 15:38:52','2019-04-26 15:38:52'),
	(61,1,1,'1','2019-04-26 15:40:50','2019-04-26 15:40:50'),
	(62,1,1,'2','2019-04-26 15:46:29','2019-04-26 15:46:29'),
	(63,1,169,'1','2019-04-26 15:47:17','2019-04-26 15:47:17'),
	(64,1,7,'16','2019-04-26 15:51:20','2019-04-26 15:51:20'),
	(65,1,169,'2','2019-04-26 15:53:21','2019-04-26 15:53:21'),
	(66,1,7,'1','2019-04-26 15:53:26','2019-04-26 15:53:26'),
	(67,1,7,'17','2019-04-26 15:53:41','2019-04-26 15:53:41'),
	(68,1,7,'2','2019-04-26 15:55:32','2019-04-26 15:55:32'),
	(69,1,1,'1','2019-04-26 15:55:34','2019-04-26 15:55:34'),
	(70,1,5,'1','2019-04-26 15:55:37','2019-04-26 15:55:37'),
	(71,1,5,'1','2019-04-26 15:58:30','2019-04-26 15:58:30'),
	(72,1,5,'2','2019-04-26 15:58:35','2019-04-26 15:58:35'),
	(73,1,8,'1','2019-04-26 15:58:41','2019-04-26 15:58:41'),
	(74,1,8,'2','2019-04-26 16:03:24','2019-04-26 16:03:24'),
	(75,1,1,'1','2019-04-26 16:03:28','2019-04-26 16:03:28'),
	(76,1,5,'1','2019-04-26 16:03:35','2019-04-26 16:03:35'),
	(77,1,5,'1','2019-04-26 16:03:42','2019-04-26 16:03:42'),
	(78,1,5,'2','2019-04-26 16:03:44','2019-04-26 16:03:44'),
	(79,1,1,'1','2019-04-26 16:03:47','2019-04-26 16:03:47'),
	(80,1,1,'2','2019-04-26 16:03:49','2019-04-26 16:03:49'),
	(81,1,8,'1','2019-04-26 16:03:52','2019-04-26 16:03:52'),
	(82,1,8,'2','2019-04-26 16:06:02','2019-04-26 16:06:02'),
	(83,1,1,'1','2019-04-26 16:06:06','2019-04-26 16:06:06'),
	(84,1,1,'2','2019-04-26 16:11:06','2019-04-26 16:11:06'),
	(85,1,1,'1','2019-04-26 16:11:08','2019-04-26 16:11:08'),
	(86,1,1,'2','2019-04-26 16:19:57','2019-04-26 16:19:57'),
	(87,1,8,'1','2019-04-26 16:20:00','2019-04-26 16:20:00'),
	(88,1,8,'2','2019-04-26 16:20:16','2019-04-26 16:20:16'),
	(89,1,1,'1','2019-04-26 16:20:22','2019-04-26 16:20:22'),
	(90,1,1,'2','2019-04-26 16:21:24','2019-04-26 16:21:24'),
	(91,1,8,'1','2019-04-26 16:21:28','2019-04-26 16:21:28'),
	(92,1,8,'2','2019-04-26 16:22:13','2019-04-26 16:22:13'),
	(93,1,1,'1','2019-04-26 16:22:17','2019-04-26 16:22:17'),
	(94,1,5,'1','2019-04-26 16:30:39','2019-04-26 16:30:39'),
	(95,1,1,'1','2019-04-27 15:54:32','2019-04-27 15:54:32'),
	(96,1,1,'2','2019-04-27 15:55:37','2019-04-27 15:55:37'),
	(97,1,1,'2','2019-04-27 15:55:44','2019-04-27 15:55:44'),
	(98,1,1,'2','2019-04-27 15:56:23','2019-04-27 15:56:23'),
	(99,1,8,'1','2019-04-27 15:56:58','2019-04-27 15:56:58'),
	(100,1,8,'2','2019-04-27 17:14:27','2019-04-27 17:14:27'),
	(101,1,1,'1','2019-04-27 17:14:31','2019-04-27 17:14:31'),
	(102,1,1,'2','2019-04-27 17:40:22','2019-04-27 17:40:22'),
	(103,1,1,'1','2019-04-27 17:40:24','2019-04-27 17:40:24'),
	(104,1,1,'2','2019-04-27 17:40:27','2019-04-27 17:40:27'),
	(105,1,8,'1','2019-04-27 17:40:31','2019-04-27 17:40:31'),
	(106,1,8,'2','2019-04-27 18:08:47','2019-04-27 18:08:47'),
	(107,0,5,'1','2019-04-27 18:08:53','2019-04-27 18:08:53'),
	(108,0,5,'1','2019-04-28 08:34:13','2019-04-28 08:34:13'),
	(109,0,5,'1','2019-04-28 16:14:19','2019-04-28 16:14:19'),
	(110,0,5,'1','2019-04-29 05:50:53','2019-04-29 05:50:53'),
	(111,0,5,'2','2019-04-29 07:11:38','2019-04-29 07:11:38'),
	(112,1,8,'1','2019-04-29 07:11:44','2019-04-29 07:11:44'),
	(113,1,8,'2','2019-04-29 07:43:05','2019-04-29 07:43:05'),
	(114,1,1,'1','2019-04-29 07:43:09','2019-04-29 07:43:09'),
	(115,1,1,'2','2019-04-29 09:45:39','2019-04-29 09:45:39'),
	(116,1,8,'1','2019-04-29 09:45:42','2019-04-29 09:45:42'),
	(117,1,8,'2','2019-04-29 09:45:51','2019-04-29 09:45:51'),
	(118,1,8,'1','2019-04-29 09:46:02','2019-04-29 09:46:02'),
	(119,1,8,'2','2019-04-29 09:46:05','2019-04-29 09:46:05'),
	(120,0,5,'1','2019-04-29 09:46:12','2019-04-29 09:46:12'),
	(121,0,5,'2','2019-04-29 09:51:39','2019-04-29 09:51:39'),
	(122,1,1,'1','2019-04-29 09:51:42','2019-04-29 09:51:42'),
	(123,1,1,'2','2019-04-29 09:57:15','2019-04-29 09:57:15'),
	(124,1,8,'1','2019-04-29 09:57:18','2019-04-29 09:57:18'),
	(125,1,8,'2','2019-04-29 09:57:28','2019-04-29 09:57:28'),
	(126,0,5,'1','2019-04-29 09:57:35','2019-04-29 09:57:35'),
	(127,0,5,'2','2019-04-29 10:19:51','2019-04-29 10:19:51'),
	(128,0,5,'1','2019-04-29 10:19:56','2019-04-29 10:19:56'),
	(129,0,5,'2','2019-04-29 10:20:17','2019-04-29 10:20:17'),
	(130,1,1,'1','2019-04-29 10:20:20','2019-04-29 10:20:20'),
	(131,1,1,'2','2019-04-29 10:20:37','2019-04-29 10:20:37'),
	(132,0,5,'1','2019-04-29 10:20:41','2019-04-29 10:20:41'),
	(133,0,5,'2','2019-04-29 10:22:01','2019-04-29 10:22:01'),
	(134,1,1,'1','2019-04-29 10:22:05','2019-04-29 10:22:05'),
	(135,1,1,'2','2019-04-29 10:48:43','2019-04-29 10:48:43'),
	(136,0,5,'1','2019-04-29 10:49:02','2019-04-29 10:49:02'),
	(137,0,5,'2','2019-04-29 10:49:22','2019-04-29 10:49:22'),
	(138,1,1,'1','2019-04-29 10:49:27','2019-04-29 10:49:27'),
	(139,1,1,'2','2019-04-29 10:50:45','2019-04-29 10:50:45'),
	(140,0,5,'1','2019-04-29 10:51:03','2019-04-29 10:51:03'),
	(141,0,5,'2','2019-04-29 10:52:59','2019-04-29 10:52:59'),
	(142,1,1,'1','2019-04-29 10:53:03','2019-04-29 10:53:03'),
	(143,1,8,'1','2019-04-29 14:52:55','2019-04-29 14:52:55'),
	(144,1,8,'2','2019-04-29 14:55:16','2019-04-29 14:55:16'),
	(145,0,5,'1','2019-04-29 14:55:21','2019-04-29 14:55:21'),
	(146,0,5,'2','2019-04-29 14:57:16','2019-04-29 14:57:16'),
	(147,1,1,'1','2019-04-29 14:57:20','2019-04-29 14:57:20'),
	(148,0,5,'1','2019-04-29 15:56:49','2019-04-29 15:56:49'),
	(149,0,5,'2','2019-04-29 16:05:11','2019-04-29 16:05:11'),
	(150,1,8,'1','2019-04-29 16:05:13','2019-04-29 16:05:13'),
	(151,1,8,'1','2019-04-30 06:27:34','2019-04-30 06:27:34'),
	(152,1,8,'2','2019-04-30 10:54:50','2019-04-30 10:54:50'),
	(153,1,1,'1','2019-04-30 10:54:54','2019-04-30 10:54:54'),
	(154,0,5,'1','2019-04-30 11:05:16','2019-04-30 11:05:16'),
	(155,0,5,'2','2019-04-30 11:07:48','2019-04-30 11:07:48'),
	(156,1,9,'1','2019-04-30 11:08:43','2019-04-30 11:08:43'),
	(157,1,9,'2','2019-04-30 11:19:17','2019-04-30 11:19:17'),
	(158,1,1,'1','2019-04-30 11:19:20','2019-04-30 11:19:20'),
	(159,1,1,'2','2019-04-30 11:20:01','2019-04-30 11:20:01'),
	(160,1,9,'1','2019-04-30 11:20:05','2019-04-30 11:20:05'),
	(161,1,9,'2','2019-04-30 11:33:33','2019-04-30 11:33:33'),
	(162,1,8,'1','2019-04-30 11:33:37','2019-04-30 11:33:37'),
	(163,1,8,'2','2019-04-30 11:35:38','2019-04-30 11:35:38'),
	(164,1,1,'1','2019-04-30 11:35:41','2019-04-30 11:35:41'),
	(165,0,5,'1','2019-04-30 11:35:45','2019-04-30 11:35:45'),
	(166,0,5,'1','2019-04-30 11:40:50','2019-04-30 11:40:50'),
	(167,0,5,'1','2019-04-30 11:42:06','2019-04-30 11:42:06'),
	(168,0,5,'1','2019-04-30 11:43:52','2019-04-30 11:43:52'),
	(169,0,5,'2','2019-04-30 11:44:11','2019-04-30 11:44:11'),
	(170,1,1,'1','2019-04-30 11:44:13','2019-04-30 11:44:13'),
	(171,0,5,'1','2019-04-30 11:58:06','2019-04-30 11:58:06'),
	(172,0,5,'1','2019-04-30 11:58:10','2019-04-30 11:58:10'),
	(173,0,5,'2','2019-04-30 12:01:07','2019-04-30 12:01:07'),
	(174,1,8,'1','2019-04-30 12:01:13','2019-04-30 12:01:13'),
	(175,1,8,'2','2019-04-30 12:20:17','2019-04-30 12:20:17'),
	(176,1,1,'1','2019-04-30 12:20:23','2019-04-30 12:20:23'),
	(177,1,1,'2','2019-04-30 12:20:44','2019-04-30 12:20:44'),
	(178,1,8,'1','2019-04-30 12:20:46','2019-04-30 12:20:46'),
	(179,1,8,'1','2019-04-30 15:15:14','2019-04-30 15:15:14'),
	(180,1,8,'2','2019-04-30 15:15:52','2019-04-30 15:15:52'),
	(181,1,1,'1','2019-04-30 15:15:56','2019-04-30 15:15:56'),
	(182,1,1,'2','2019-04-30 15:16:11','2019-04-30 15:16:11'),
	(183,1,8,'1','2019-04-30 15:16:16','2019-04-30 15:16:16'),
	(184,1,8,'2','2019-04-30 15:16:32','2019-04-30 15:16:32'),
	(185,1,1,'1','2019-04-30 15:16:38','2019-04-30 15:16:38'),
	(186,1,1,'2','2019-04-30 15:16:51','2019-04-30 15:16:51'),
	(187,1,8,'1','2019-04-30 15:16:57','2019-04-30 15:16:57'),
	(188,1,8,'2','2019-04-30 15:24:41','2019-04-30 15:24:41'),
	(189,1,1,'1','2019-04-30 15:24:44','2019-04-30 15:24:44'),
	(190,1,1,'2','2019-04-30 15:24:57','2019-04-30 15:24:57'),
	(191,1,8,'1','2019-04-30 15:25:03','2019-04-30 15:25:03'),
	(192,1,8,'2','2019-04-30 15:31:54','2019-04-30 15:31:54'),
	(193,1,1,'1','2019-04-30 15:32:00','2019-04-30 15:32:00'),
	(194,1,1,'2','2019-04-30 15:32:21','2019-04-30 15:32:21'),
	(195,1,8,'1','2019-04-30 15:32:25','2019-04-30 15:32:25'),
	(196,1,8,'2','2019-04-30 15:33:39','2019-04-30 15:33:39'),
	(197,1,1,'1','2019-04-30 15:33:44','2019-04-30 15:33:44'),
	(198,1,1,'2','2019-04-30 15:34:20','2019-04-30 15:34:20'),
	(199,1,8,'1','2019-04-30 15:34:24','2019-04-30 15:34:24'),
	(200,1,8,'2','2019-04-30 15:34:58','2019-04-30 15:34:58'),
	(201,1,1,'1','2019-04-30 15:35:05','2019-04-30 15:35:05'),
	(202,1,1,'2','2019-04-30 15:35:35','2019-04-30 15:35:35'),
	(203,1,8,'1','2019-04-30 15:35:40','2019-04-30 15:35:40'),
	(204,1,8,'2','2019-04-30 15:37:00','2019-04-30 15:37:00'),
	(205,0,5,'1','2019-04-30 15:37:07','2019-04-30 15:37:07'),
	(206,0,5,'2','2019-04-30 15:37:26','2019-04-30 15:37:26'),
	(207,1,9,'1','2019-04-30 15:37:32','2019-04-30 15:37:32'),
	(208,1,9,'2','2019-04-30 15:37:41','2019-04-30 15:37:41'),
	(209,1,9,'1','2019-04-30 15:37:51','2019-04-30 15:37:51'),
	(210,1,9,'2','2019-04-30 15:38:04','2019-04-30 15:38:04'),
	(211,1,1,'1','2019-04-30 15:38:09','2019-04-30 15:38:09'),
	(212,1,1,'2','2019-04-30 15:54:08','2019-04-30 15:54:08'),
	(213,1,8,'1','2019-04-30 15:54:12','2019-04-30 15:54:12'),
	(214,1,8,'2','2019-04-30 16:00:49','2019-04-30 16:00:49'),
	(215,1,9,'1','2019-04-30 16:00:53','2019-04-30 16:00:53'),
	(216,1,9,'2','2019-04-30 16:02:13','2019-04-30 16:02:13'),
	(217,1,8,'1','2019-04-30 16:02:17','2019-04-30 16:02:17'),
	(218,1,8,'2','2019-04-30 16:10:15','2019-04-30 16:10:15'),
	(219,1,1,'1','2019-04-30 16:10:20','2019-04-30 16:10:20'),
	(220,1,1,'2','2019-04-30 16:12:09','2019-04-30 16:12:09'),
	(221,0,5,'1','2019-04-30 16:12:27','2019-04-30 16:12:27'),
	(222,0,5,'2','2019-04-30 16:13:33','2019-04-30 16:13:33'),
	(223,1,1,'1','2019-04-30 16:13:41','2019-04-30 16:13:41'),
	(224,1,1,'2','2019-04-30 16:26:21','2019-04-30 16:26:21'),
	(225,1,1,'1','2019-04-30 16:26:27','2019-04-30 16:26:27'),
	(226,1,1,'2','2019-04-30 16:28:45','2019-04-30 16:28:45'),
	(227,1,8,'1','2019-04-30 16:28:49','2019-04-30 16:28:49'),
	(228,1,8,'1','2019-05-01 10:20:56','2019-05-01 10:20:56'),
	(229,1,8,'1','2019-05-02 06:23:00','2019-05-02 06:23:00'),
	(230,1,8,'1','2019-05-02 07:12:32','2019-05-02 07:12:32'),
	(231,1,8,'2','2019-05-02 10:54:35','2019-05-02 10:54:35'),
	(232,0,5,'1','2019-05-02 10:54:43','2019-05-02 10:54:43'),
	(233,0,5,'2','2019-05-02 11:02:57','2019-05-02 11:02:57'),
	(234,1,1,'1','2019-05-02 11:03:01','2019-05-02 11:03:01'),
	(235,1,1,'1','2019-05-02 14:03:37','2019-05-02 14:03:37'),
	(236,1,1,'2','2019-05-02 15:22:00','2019-05-02 15:22:00'),
	(237,1,9,'1','2019-05-02 15:22:06','2019-05-02 15:22:06'),
	(238,1,176,'16','2019-05-02 15:22:28','2019-05-02 15:22:28'),
	(239,1,9,'2','2019-05-02 15:23:11','2019-05-02 15:23:11'),
	(240,1,9,'1','2019-05-02 15:23:41','2019-05-02 15:23:41'),
	(241,1,9,'2','2019-05-02 15:24:01','2019-05-02 15:24:01'),
	(242,1,8,'1','2019-05-02 15:24:06','2019-05-02 15:24:06'),
	(243,1,8,'2','2019-05-02 15:54:53','2019-05-02 15:54:53'),
	(244,0,5,'1','2019-05-02 15:54:57','2019-05-02 15:54:57'),
	(245,0,5,'2','2019-05-02 16:37:26','2019-05-02 16:37:26'),
	(246,1,8,'1','2019-05-02 16:37:30','2019-05-02 16:37:30'),
	(247,1,8,'2','2019-05-02 17:15:26','2019-05-02 17:15:26'),
	(248,1,1,'1','2019-05-02 17:15:31','2019-05-02 17:15:31'),
	(249,1,1,'2','2019-05-02 17:18:10','2019-05-02 17:18:10'),
	(250,1,8,'1','2019-05-02 17:18:13','2019-05-02 17:18:13'),
	(251,1,8,'2','2019-05-02 17:33:35','2019-05-02 17:33:35'),
	(252,1,9,'1','2019-05-02 17:33:39','2019-05-02 17:33:39'),
	(253,1,9,'2','2019-05-02 17:33:58','2019-05-02 17:33:58'),
	(254,1,9,'1','2019-05-02 17:34:11','2019-05-02 17:34:11'),
	(255,1,9,'2','2019-05-02 17:34:52','2019-05-02 17:34:52'),
	(256,0,5,'1','2019-05-02 17:34:56','2019-05-02 17:34:56'),
	(257,0,5,'2','2019-05-02 17:44:27','2019-05-02 17:44:27'),
	(258,0,5,'1','2019-05-02 18:24:43','2019-05-02 18:24:43'),
	(259,1,1,'1','2019-05-03 05:15:10','2019-05-03 05:15:10'),
	(260,1,1,'2','2019-05-03 05:17:07','2019-05-03 05:17:07'),
	(261,0,5,'1','2019-05-03 05:17:11','2019-05-03 05:17:11'),
	(262,1,8,'1','2019-05-03 17:13:16','2019-05-03 17:13:16'),
	(263,1,8,'2','2019-05-03 17:14:11','2019-05-03 17:14:11'),
	(264,1,1,'1','2019-05-03 17:14:15','2019-05-03 17:14:15'),
	(265,1,1,'1','2019-05-06 06:13:39','2019-05-06 06:13:39'),
	(266,1,1,'2','2019-05-06 06:13:46','2019-05-06 06:13:46'),
	(267,0,5,'1','2019-05-06 06:13:51','2019-05-06 06:13:51'),
	(268,0,5,'1','2019-05-07 05:25:55','2019-05-07 05:25:55'),
	(269,0,5,'2','2019-05-07 06:05:21','2019-05-07 06:05:21'),
	(270,0,5,'1','2019-05-07 06:05:24','2019-05-07 06:05:24'),
	(271,0,5,'2','2019-05-07 06:12:33','2019-05-07 06:12:33'),
	(272,0,5,'1','2019-05-07 06:13:01','2019-05-07 06:13:01'),
	(273,0,5,'2','2019-05-07 06:16:13','2019-05-07 06:16:13'),
	(274,0,5,'1','2019-05-07 06:16:17','2019-05-07 06:16:17'),
	(275,0,5,'2','2019-05-07 06:16:17','2019-05-07 06:16:17'),
	(276,0,5,'1','2019-05-07 06:16:19','2019-05-07 06:16:19'),
	(277,0,5,'2','2019-05-07 06:16:19','2019-05-07 06:16:19'),
	(278,0,5,'1','2019-05-07 06:19:33','2019-05-07 06:19:33'),
	(279,0,5,'2','2019-05-07 06:19:33','2019-05-07 06:19:33'),
	(280,0,5,'1','2019-05-07 06:19:49','2019-05-07 06:19:49'),
	(281,0,5,'2','2019-05-07 06:19:49','2019-05-07 06:19:49'),
	(282,0,5,'1','2019-05-07 06:19:51','2019-05-07 06:19:51'),
	(283,0,5,'2','2019-05-07 06:19:51','2019-05-07 06:19:51'),
	(284,0,5,'1','2019-05-07 06:20:17','2019-05-07 06:20:17'),
	(285,0,5,'1','2019-05-07 06:20:47','2019-05-07 06:20:47'),
	(286,0,5,'2','2019-05-07 06:20:57','2019-05-07 06:20:57'),
	(287,0,5,'1','2019-05-07 06:20:59','2019-05-07 06:20:59'),
	(288,0,5,'2','2019-05-07 06:21:23','2019-05-07 06:21:23'),
	(289,1,9,'1','2019-05-07 06:21:27','2019-05-07 06:21:27'),
	(290,1,9,'2','2019-05-07 06:21:32','2019-05-07 06:21:32'),
	(291,1,8,'1','2019-05-07 06:21:36','2019-05-07 06:21:36'),
	(292,1,8,'2','2019-05-07 06:26:57','2019-05-07 06:26:57'),
	(293,0,5,'1','2019-05-07 06:27:00','2019-05-07 06:27:00'),
	(294,0,5,'2','2019-05-07 06:27:15','2019-05-07 06:27:15'),
	(295,1,8,'1','2019-05-07 06:27:18','2019-05-07 06:27:18'),
	(296,1,8,'2','2019-05-07 06:27:18','2019-05-07 06:27:18'),
	(297,0,5,'1','2019-05-07 06:27:20','2019-05-07 06:27:20'),
	(298,0,5,'2','2019-05-07 06:27:29','2019-05-07 06:27:29'),
	(299,0,5,'1','2019-05-07 06:27:31','2019-05-07 06:27:31'),
	(300,0,5,'2','2019-05-07 06:27:32','2019-05-07 06:27:32'),
	(301,1,8,'1','2019-05-07 06:27:35','2019-05-07 06:27:35'),
	(302,1,8,'1','2019-05-07 06:53:41','2019-05-07 06:53:41'),
	(303,1,8,'2','2019-05-07 06:53:43','2019-05-07 06:53:43'),
	(304,1,8,'1','2019-05-07 06:53:47','2019-05-07 06:53:47'),
	(305,1,8,'1','2019-05-07 09:54:26','2019-05-07 09:54:26'),
	(306,1,8,'2','2019-05-07 10:35:59','2019-05-07 10:35:59'),
	(307,1,8,'1','2019-05-07 10:36:04','2019-05-07 10:36:04'),
	(308,1,8,'2','2019-05-07 10:37:05','2019-05-07 10:37:05'),
	(309,1,8,'1','2019-05-07 10:37:06','2019-05-07 10:37:06'),
	(310,1,8,'2','2019-05-07 10:38:01','2019-05-07 10:38:01'),
	(311,1,8,'1','2019-05-07 10:38:03','2019-05-07 10:38:03');

/*!40000 ALTER TABLE `logins_log` ENABLE KEYS */;
UNLOCK TABLES;


# Dump of table messages_user
# ------------------------------------------------------------



# Dump of table landing-pages
# ------------------------------------------------------------


# Dump of table migrations
# ------------------------------------------------------------



# Dump of table otp_users
# ------------------------------------------------------------



# Dump of table password_resets
# ------------------------------------------------------------



# Dump of table pending_users
# ------------------------------------------------------------



# Dump of table permission_role
# ------------------------------------------------------------


LOCK TABLES `permission_role` WRITE;
/*!40000 ALTER TABLE `permission_role` DISABLE KEYS */;

INSERT INTO `permission_role` (`permission_id`, `role_id`, `created_at`, `updated_at`)
VALUES
	(2,5,'2019-04-15 14:37:56','2019-04-15 14:37:56'),
	(3,5,'2019-04-15 14:37:56','2019-04-15 14:37:56'),
	(29,3,'2019-04-15 14:37:56','2019-04-15 14:37:56'),
	(5,5,'2019-04-15 14:37:56','2019-04-15 14:37:56'),
	(27,3,'2019-04-15 14:37:56','2019-04-15 14:37:56'),
	(26,3,'2019-04-15 14:37:56','2019-04-15 14:37:56'),
	(12,3,'2019-04-15 14:37:56','2019-04-15 14:37:56'),
	(28,3,'2019-04-15 14:37:56','2019-04-15 14:37:56'),
	(15,3,'2019-04-15 14:37:56','2019-04-15 14:37:56'),
	(35,2,'2019-04-15 14:37:56','2019-04-15 14:37:56'),
	(30,2,'2019-04-15 14:37:56','2019-04-15 14:37:56'),
	(29,2,'2019-04-15 14:37:56','2019-04-15 14:37:56'),
	(28,2,'2019-04-15 14:37:56','2019-04-15 14:37:56'),
	(27,2,'2019-04-15 14:37:56','2019-04-15 14:37:56'),
	(26,2,'2019-04-15 14:37:56','2019-04-15 14:37:56'),
	(25,2,'2019-04-15 14:37:56','2019-04-15 14:37:56'),
	(22,2,'2019-04-15 14:37:56','2019-04-15 14:37:56'),
	(20,2,'2019-04-15 14:37:56','2019-04-15 14:37:56'),
	(19,2,'2019-04-15 14:37:56','2019-04-15 14:37:56'),
	(18,2,'2019-04-15 14:37:56','2019-04-15 14:37:56'),
	(17,2,'2019-04-15 14:37:56','2019-04-15 14:37:56'),
	(16,2,'2019-04-15 14:37:56','2019-04-15 14:37:56'),
	(15,2,'2019-04-15 14:37:56','2019-04-15 14:37:56'),
	(15,2,'2019-04-15 14:37:56','2019-04-15 14:37:56'),
	(10,2,'2019-04-15 14:37:56','2019-04-15 14:37:56'),
	(8,2,'2019-04-15 14:37:56','2019-04-15 14:37:56'),
	(7,2,'2019-04-15 14:37:56','2019-04-15 14:37:56');

/*!40000 ALTER TABLE `permission_role` ENABLE KEYS */;
UNLOCK TABLES;


# Dump of table permission_role_template
# ------------------------------------------------------------

LOCK TABLES `permission_role_template` WRITE;
/*!40000 ALTER TABLE `permission_role_template` DISABLE KEYS */;

INSERT INTO `permission_role_template` (`permission_id`, `role_id`, `created_at`, `updated_at`)
VALUES
	(2,5,'2019-04-15 14:37:56','2019-04-15 14:37:56'),
	(3,5,'2019-04-15 14:37:56','2019-04-15 14:37:56'),
	(29,3,'2019-04-15 14:37:56','2019-04-15 14:37:56'),
	(5,5,'2019-04-15 14:37:56','2019-04-15 14:37:56'),
	(27,3,'2019-04-15 14:37:56','2019-04-15 14:37:56'),
	(26,3,'2019-04-15 14:37:56','2019-04-15 14:37:56'),
	(12,3,'2019-04-15 14:37:56','2019-04-15 14:37:56'),
	(28,3,'2019-04-15 14:37:56','2019-04-15 14:37:56'),
	(15,3,'2019-04-15 14:37:56','2019-04-15 14:37:56'),
	(35,2,'2019-04-15 14:37:56','2019-04-15 14:37:56'),
	(30,2,'2019-04-15 14:37:56','2019-04-15 14:37:56'),
	(29,2,'2019-04-15 14:37:56','2019-04-15 14:37:56'),
	(28,2,'2019-04-15 14:37:56','2019-04-15 14:37:56'),
	(27,2,'2019-04-15 14:37:56','2019-04-15 14:37:56'),
	(26,2,'2019-04-15 14:37:56','2019-04-15 14:37:56'),
	(25,2,'2019-04-15 14:37:56','2019-04-15 14:37:56'),
	(22,2,'2019-04-15 14:37:56','2019-04-15 14:37:56'),
	(20,2,'2019-04-15 14:37:56','2019-04-15 14:37:56'),
	(19,2,'2019-04-15 14:37:56','2019-04-15 14:37:56'),
	(18,2,'2019-04-15 14:37:56','2019-04-15 14:37:56'),
	(17,2,'2019-04-15 14:37:56','2019-04-15 14:37:56'),
	(16,2,'2019-04-15 14:37:56','2019-04-15 14:37:56'),
	(15,2,'2019-04-15 14:37:56','2019-04-15 14:37:56'),
	(15,2,'2019-04-15 14:37:56','2019-04-15 14:37:56'),
	(10,2,'2019-04-15 14:37:56','2019-04-15 14:37:56'),
	(8,2,'2019-04-15 14:37:56','2019-04-15 14:37:56'),
	(7,2,'2019-04-15 14:37:56','2019-04-15 14:37:56');

/*!40000 ALTER TABLE `permission_role_template` ENABLE KEYS */;
UNLOCK TABLES;


# Dump of table permissions
# ------------------------------------------------------------

LOCK TABLES `permissions` WRITE;
/*!40000 ALTER TABLE `permissions` DISABLE KEYS */;

INSERT INTO `permissions` (`id`, `name`, `description`, `created_at`, `updated_at`)
VALUES
	(1,'create_user','Create User','2019-04-15 13:45:43','2019-04-15 13:45:43'),
	(2,'read_user','Read User','2019-04-15 13:46:00','2019-04-15 13:46:00'),
	(3,'update_user','Update User','2019-04-15 13:46:16','2019-04-15 13:46:16'),
	(4,'delete_user','Delete User','2019-04-15 13:49:56','2019-04-15 13:49:56'),
	(5,'reset_user_password','Reset User Password','2019-04-15 13:46:47','2019-04-15 13:46:47'),
	(6,'create_affiliate','Create Affiliate','2019-04-15 13:48:12','2019-04-15 13:48:12'),
	(7,'read_affiliate','Read Affiliate','2019-04-15 13:48:28','2019-04-15 13:48:28'),
	(8,'update_affiliate','Update Affiliate','2019-04-15 13:48:42','2019-04-15 13:48:42'),
	(9,'delete_affiliate','Delete Affiliate','2019-04-15 13:48:59','2019-04-15 13:48:59'),
	(10,'reset_affiliate_password','Reset Affiliate Password','2019-04-15 13:53:42','2019-04-15 13:53:42'),
	(11,'assign_as_admin','Create Admin','2019-04-15 13:51:06','2019-04-15 13:51:06'),
	(12,'read_admin','Read Admin','2019-04-15 13:51:58','2019-04-15 13:51:58'),
	(13,'update_admin','Update Admin','2019-04-15 13:52:11','2019-04-15 13:52:11'),
	(14,'remove_as_admin','Delete Admin','2019-04-15 13:53:00','2019-04-15 13:53:00'),
	(15,'reset_admin_password','Reset Admin','2019-04-15 13:55:00','2019-04-15 13:55:00'),
	(16,'assign_as_manager','Create Manager','2019-04-15 13:51:06','2019-04-15 13:51:06'),
	(17,'read_manager','Read Manager','2019-04-15 13:51:58','2019-04-15 13:51:58'),
	(18,'update_manager','Update Manager','2019-04-15 13:52:11','2019-04-15 13:52:11'),
	(19,'unset_as_manager','Delete Manager','2019-04-15 13:53:00','2019-04-15 13:53:00'),
	(20,'reset_admin_password','Reset Manager Password','2019-04-15 13:55:00','2019-04-15 13:55:00'),
	(21,'create_product_user','Create Product User','2019-04-15 13:51:06','2019-04-15 13:51:06'),
	(22,'read_product_user','Read Product User','2019-04-15 13:51:58','2019-04-15 13:51:58'),
	(23,'update_product_user','Update Product User','2019-04-15 13:52:11','2019-04-15 13:52:11'),
	(24,'delete_product_user','Delete Product User','2019-04-15 13:53:00','2019-04-15 13:53:00'),
	(25,'reset_product_user','Reset Product User Password','2019-04-15 13:55:00','2019-04-15 13:55:00'),
	(26,'assign_to_group','Assign to group','2019-04-15 13:58:00','2019-04-15 13:58:00'),
	(27,'remove_from_group','Remove from group','2019-04-15 14:00:42','2019-04-15 14:00:42'),
	(28,'create_group','Create Group','2019-04-15 13:59:00','2019-04-15 13:59:00'),
	(29,'update_group','Update Group','2019-04-15 13:59:00','2019-04-15 13:59:00'),
	(30,'delete_group','Delete Group','2019-04-15 13:59:00','2019-04-15 13:59:00'),
	(31,'assign_user_as_affiliate','Assign User as Affiliate','2019-04-15 14:00:26','2019-04-15 14:00:26'),
	(32,'remove_user_as_affiliate','Remove User as Affiliate',NULL,NULL),
	(33,'disable_user','Disable User','2019-04-15 14:02:14','2019-04-15 14:02:14'),
	(34,'disable_affilaite','Disable Affiliate','2019-04-15 14:02:36','2019-04-15 14:02:36'),
	(35,'disable_admin','Disable Admin','2019-04-15 14:02:52','2019-04-15 14:02:52'),
	(36,'disable_product_user','Disable Product User','2019-04-15 14:03:09','2019-04-15 14:03:09');

/*!40000 ALTER TABLE `permissions` ENABLE KEYS */;
UNLOCK TABLES;


# Dump of table plan_subscriptions
# ------------------------------------------------------------


LOCK TABLES `plan_subscriptions` WRITE;
/*!40000 ALTER TABLE `plan_subscriptions` DISABLE KEYS */;

INSERT INTO `plan_subscriptions` (`id`, `user_id`, `plan_code`, `name`, `quantity`, `price`, `discount`, `total`, `setup_fee`, `description`, `tax_id`, `created_at`, `updated_at`)
VALUES
	(50,9,'my_mobile_life_quoter','Mobile Quoter','1','60',NULL,'60','0',NULL,NULL,'2019-01-18 15:59:17','2019-01-18 15:59:17'),
	(51,10,'my_mobile_life_quoter','Mobile Quoter','1','60',NULL,'60','0',NULL,NULL,'2019-01-18 16:02:52','2019-01-18 16:02:52'),
	(52,11,'my_mobile_life_quoter','Mobile Quoter','1','60',NULL,'60','0',NULL,NULL,'2019-01-18 16:06:17','2019-01-18 16:06:17'),
	(53,12,'my_mobile_life_quoter','Mobile Quoter','1','60',NULL,'60','0',NULL,NULL,'2019-01-18 16:55:38','2019-01-18 16:55:38'),
	(54,13,'my_mobile_life_quoter','Mobile Quoter','1','60',NULL,'60','0',NULL,NULL,'2019-01-18 16:56:38','2019-01-18 16:56:38'),
	(55,14,'my_mobile_life_quoter','Mobile Quoter','1','60',NULL,'60','0',NULL,NULL,'2019-01-18 22:02:10','2019-01-18 22:02:10'),
	(56,16,'my_mobile_life_quoter','Mobile Quoter','1','60',NULL,'60','0',NULL,NULL,'2019-01-18 22:42:37','2019-01-18 22:42:37'),
	(57,17,'my_mobile_life_quoter','Mobile Quoter','1','60',NULL,'60','0',NULL,NULL,'2019-01-18 22:48:23','2019-01-18 22:48:23'),
	(58,18,'my_mobile_life_quoter','Mobile Quoter','1','60',NULL,'60','0',NULL,NULL,'2019-01-20 15:58:00','2019-01-20 15:58:00'),
	(59,19,'my_mobile_life_quoter','Mobile Quoter','1','60',NULL,'60','0',NULL,NULL,'2019-01-20 22:33:52','2019-01-20 22:33:52'),
	(60,20,'my_mobile_life_quoter','Mobile Quoter','1','60',NULL,'60','0',NULL,NULL,'2019-01-20 22:42:46','2019-01-20 22:42:46'),
	(61,22,'my_mobile_life_quoter','Mobile Quoter','1','60',NULL,'60','0',NULL,NULL,'2019-01-20 22:44:28','2019-01-20 22:44:28'),
	(62,23,'my_mobile_life_quoter','Mobile Quoter','1','60',NULL,'60','0',NULL,NULL,'2019-01-20 22:52:46','2019-01-20 22:52:46'),
	(63,24,'my_mobile_life_quoter','Mobile Quoter','1','60',NULL,'60','0',NULL,NULL,'2019-01-20 22:56:45','2019-01-20 22:56:45'),
	(64,25,'my_mobile_life_quoter','Mobile Quoter','1','60',NULL,'60','0',NULL,NULL,'2019-01-20 22:57:54','2019-01-20 22:57:54'),
	(65,26,'my_mobile_life_quoter','Mobile Quoter','1','60',NULL,'60','0',NULL,NULL,'2019-01-21 17:00:19','2019-01-21 17:00:19'),
	(66,27,'my_mobile_life_quoter','Mobile Quoter','1','60',NULL,'60','0',NULL,NULL,'2019-01-21 21:01:52','2019-01-21 21:01:52'),
	(67,28,'my_mobile_life_quoter','Mobile Quoter','1','60',NULL,'60','0',NULL,NULL,'2019-01-22 00:26:55','2019-01-22 00:26:55'),
	(68,29,'my_mobile_life_quoter','Mobile Quoter','1','60',NULL,'60','0',NULL,NULL,'2019-01-22 13:28:31','2019-01-22 13:28:31'),
	(69,30,'my_mobile_life_quoter','Mobile Quoter','1','60',NULL,'60','0',NULL,NULL,'2019-01-22 16:32:38','2019-01-22 16:32:38'),
	(70,31,'my_mobile_life_quoter','Mobile Quoter','1','60',NULL,'60','0',NULL,NULL,'2019-01-23 15:40:47','2019-01-23 15:40:47'),
	(71,32,'my_mobile_life_quoter','Mobile Quoter','1','60',NULL,'60','0',NULL,NULL,'2019-01-23 17:45:33','2019-01-23 17:45:33'),
	(72,33,'my_mobile_life_quoter','Mobile Quoter','1','60',NULL,'60','0',NULL,NULL,'2019-01-23 22:30:38','2019-01-23 22:30:38'),
	(73,34,'my_mobile_life_quoter','Mobile Quoter','1','60',NULL,'60','0',NULL,NULL,'2019-01-24 00:21:52','2019-01-24 00:21:52'),
	(74,35,'my_mobile_life_quoter','Mobile Quoter','1','60',NULL,'60','0',NULL,NULL,'2019-01-24 00:28:51','2019-01-24 00:28:51'),
	(75,36,'my_mobile_life_quoter','Mobile Quoter','1','60',NULL,'60','0',NULL,NULL,'2019-01-24 00:40:01','2019-01-24 00:40:01'),
	(76,37,'my_mobile_life_quoter','Mobile Quoter','1','60',NULL,'60','0',NULL,NULL,'2019-01-24 00:51:43','2019-01-24 00:51:43'),
	(77,38,'my_mobile_life_quoter','Mobile Quoter','1','60',NULL,'60','0',NULL,NULL,'2019-01-24 01:05:45','2019-01-24 01:05:45'),
	(78,39,'my_mobile_life_quoter','Mobile Quoter','1','60',NULL,'60','0',NULL,NULL,'2019-01-24 17:50:30','2019-01-24 17:50:30'),
	(79,40,'my_mobile_life_quoter','Mobile Quoter','1','60',NULL,'60','0',NULL,NULL,'2019-01-24 18:34:34','2019-01-24 18:34:34'),
	(80,41,'my_mobile_life_quoter','Mobile Quoter','1','60',NULL,'60','0',NULL,NULL,'2019-01-25 17:10:44','2019-01-25 17:10:44'),
	(81,42,'my_mobile_life_quoter','Mobile Quoter','1','60',NULL,'60','0',NULL,NULL,'2019-01-25 22:47:57','2019-01-25 22:47:57'),
	(82,43,'my_mobile_life_quoter','Mobile Quoter','1','60',NULL,'60','0',NULL,NULL,'2019-01-25 23:31:14','2019-01-25 23:31:14'),
	(83,44,'my_mobile_life_quoter','Mobile Quoter','1','60',NULL,'60','0',NULL,NULL,'2019-01-25 23:45:12','2019-01-25 23:45:12'),
	(84,45,'my_mobile_life_quoter','Mobile Quoter','1','60',NULL,'60','0',NULL,NULL,'2019-01-25 23:48:10','2019-01-25 23:48:10'),
	(85,46,'my_mobile_life_quoter','Mobile Quoter','1','60',NULL,'60','0',NULL,NULL,'2019-01-26 00:31:51','2019-01-26 00:31:51'),
	(86,47,'my_mobile_life_quoter','Mobile Quoter','1','60',NULL,'60','0',NULL,NULL,'2019-01-26 01:00:17','2019-01-26 01:00:17'),
	(87,49,'my_mobile_life_quoter','Mobile Quoter','1','60',NULL,'60','0',NULL,NULL,'2019-02-18 22:08:31','2019-02-18 22:08:31'),
	(88,50,'my_mobile_life_quoter','Mobile Quoter','1','60',NULL,'60','0',NULL,NULL,'2019-02-18 22:14:17','2019-02-18 22:14:17'),
	(89,51,'my_mobile_life_quoter','Mobile Quoter','1','60',NULL,'60','0',NULL,NULL,'2019-02-18 22:31:39','2019-02-18 22:31:39'),
	(90,53,'my_mobile_life_quoter','Mobile Quoter','1','60',NULL,'60','0',NULL,NULL,'2019-02-18 23:53:06','2019-02-18 23:53:06'),
	(91,54,'my_mobile_life_quoter','Mobile Quoter','1','60',NULL,'60','0',NULL,NULL,'2019-02-19 00:08:21','2019-02-19 00:08:21'),
	(92,55,'my_mobile_life_quoter','Mobile Quoter','1','60',NULL,'60','0',NULL,NULL,'2019-02-19 00:09:44','2019-02-19 00:09:44'),
	(93,56,'my_mobile_life_quoter','Mobile Quoter','1','60',NULL,'60','0',NULL,NULL,'2019-02-19 00:09:52','2019-02-19 00:09:52'),
	(94,57,'my_mobile_life_quoter','Mobile Quoter','1','60',NULL,'60','0',NULL,NULL,'2019-02-19 00:10:14','2019-02-19 00:10:14'),
	(95,58,'my_mobile_life_quoter','Mobile Quoter','1','60',NULL,'60','0',NULL,NULL,'2019-02-19 00:15:52','2019-02-19 00:15:52'),
	(96,59,'my_mobile_life_quoter','Mobile Quoter','1','60',NULL,'60','0',NULL,NULL,'2019-02-19 00:28:48','2019-02-19 00:28:48'),
	(97,60,'my_mobile_life_quoter','Mobile Quoter','1','60',NULL,'60','0',NULL,NULL,'2019-02-19 00:29:01','2019-02-19 00:29:01'),
	(98,69,'my_mobile_life_quoter','Mobile Quoter','1','60',NULL,'60','0',NULL,NULL,'2019-02-19 01:07:39','2019-02-19 01:07:39'),
	(99,70,'my_mobile_life_quoter','Mobile Quoter','1','60',NULL,'60','0',NULL,NULL,'2019-02-19 01:09:12','2019-02-19 01:09:12'),
	(100,72,'my_mobile_life_quoter','Mobile Quoter','1','60',NULL,'60','0',NULL,NULL,'2019-02-19 01:10:13','2019-02-19 01:10:13'),
	(101,73,'my_mobile_life_quoter','Mobile Quoter','1','60',NULL,'60','0',NULL,NULL,'2019-02-19 01:11:46','2019-02-19 01:11:46'),
	(102,74,'my_mobile_life_quoter','Mobile Quoter','1','60',NULL,'60','0',NULL,NULL,'2019-02-19 01:12:56','2019-02-19 01:12:56'),
	(103,75,'my_mobile_life_quoter','Mobile Quoter','1','60',NULL,'60','0',NULL,NULL,'2019-02-19 01:15:26','2019-02-19 01:15:26'),
	(104,76,'my_mobile_life_quoter','Mobile Quoter','1','60',NULL,'60','0',NULL,NULL,'2019-02-19 01:17:32','2019-02-19 01:17:32'),
	(105,77,'my_mobile_life_quoter','Mobile Quoter','1','60',NULL,'60','0',NULL,NULL,'2019-02-19 01:18:48','2019-02-19 01:18:48'),
	(106,78,'my_mobile_life_quoter','Mobile Quoter','1','60',NULL,'60','0',NULL,NULL,'2019-02-19 01:22:39','2019-02-19 01:22:39'),
	(107,79,'my_mobile_life_quoter','Mobile Quoter','1','60',NULL,'60','0',NULL,NULL,'2019-02-19 01:22:45','2019-02-19 01:22:45'),
	(108,80,'my_mobile_life_quoter','Mobile Quoter','1','60',NULL,'60','0',NULL,NULL,'2019-02-19 01:22:52','2019-02-19 01:22:52'),
	(109,81,'my_mobile_life_quoter','Mobile Quoter','1','60',NULL,'60','0',NULL,NULL,'2019-02-19 01:23:26','2019-02-19 01:23:26'),
	(110,125,'my_mobile_life_quoter','Mobile Quoter','1','60',NULL,'60','0',NULL,NULL,'2019-02-20 07:59:55','2019-02-20 07:59:55'),
	(111,126,'my_mobile_life_quoter','Mobile Quoter','1','60',NULL,'60','0',NULL,NULL,'2019-02-23 13:03:46','2019-02-23 13:03:46'),
	(112,127,'my_mobile_life_quoter','Mobile Quoter','1','60',NULL,'60','0',NULL,NULL,'2019-02-28 02:31:50','2019-02-28 02:31:50'),
	(113,128,'my_mobile_life_quoter','Mobile Quoter','1','60',NULL,'60','0',NULL,NULL,'2019-03-04 23:28:55','2019-03-04 23:28:55'),
	(114,129,'my_mobile_life_quoter','Mobile Quoter','1','60',NULL,'60','0',NULL,NULL,'2019-03-15 21:12:23','2019-03-15 21:12:23');

/*!40000 ALTER TABLE `plan_subscriptions` ENABLE KEYS */;
UNLOCK TABLES;


# Dump of table profiles
# ------------------------------------------------------------


LOCK TABLES `profiles` WRITE;
/*!40000 ALTER TABLE `profiles` DISABLE KEYS */;

INSERT INTO `profiles` (`id`, `user_id`, `contact_email`, `logo`, `portrait`, `company`, `contact_phone`, `contact_addr1`, `contact_addr2`, `contact_city`, `contact_state`, `contact_zip`, `position_title`, `created_at`, `updated_at`)
VALUES
	(1,1,'demo1@example.com',NULL,NULL,'AgentQuote',NULL,'345 Gold Rd.',NULL,'Fullerton','OH','92833',NULL,'2018-11-28 16:46:09','2018-12-06 22:32:20'),
	(2,2,'demo2@example.com',NULL,NULL,'AgentQuote',NULL,'345 Gold Rd.',NULL,'Fullerton','CA','92833',NULL,'2018-11-28 16:46:53','2018-11-28 16:46:53'),
	(3,3,'demo3@example.com',NULL,NULL,'AgentQuote',NULL,'345 Gold Rd.',NULL,'Fullerton','CA','92833',NULL,'2018-11-28 16:47:32','2018-11-28 16:47:32'),
	(4,4,'ppegram@legacyagent.com ',NULL,NULL,'AgentQuote',NULL,'345 Gold Rd.',NULL,'Fullerton','OH','92833',NULL,'2018-11-28 16:49:01','2019-01-03 03:39:44'),
	(5,5,'frank@demo.test',NULL,NULL,'AgentQuote',NULL,'345 Gold Rd.',NULL,'Fullerton','MI','92833',NULL,'2018-11-28 16:50:00','2019-02-23 00:01:43'),
	(6,6,'frankie@demo.test',NULL,NULL,'AgentQuote',NULL,'345 Gold Rd.',NULL,'Fullerton','MI','92833',NULL,'2018-11-28 16:50:00','2019-02-23 00:01:43'),
	(7,7,'jade@demo.test',NULL,NULL,'AgentQuote',NULL,'345 Gold Rd.',NULL,'Fullerton','MI','92833',NULL,'2018-11-28 16:50:00','2019-02-23 00:01:43'),
	(8,8,'samuel@demo.test',NULL,NULL,'AgentQuote',NULL,'345 Gold Rd.',NULL,'Fullerton','MI','92833',NULL,'2018-11-28 16:50:00','2019-02-23 00:01:43'),
	(9,9,'sarah@demo.test',NULL,NULL,'AgentQuote',NULL,'345 Gold Rd.',NULL,'Fullerton','MI','92833',NULL,'2018-11-28 16:50:00','2019-02-23 00:01:43');

/*!40000 ALTER TABLE `profiles` ENABLE KEYS */;
UNLOCK TABLES;


# Dump of table quotes_user
# ------------------------------------------------------------



LOCK TABLES `quotes_user` WRITE;
/*!40000 ALTER TABLE `quotes_user` DISABLE KEYS */;

INSERT INTO `quotes_user` (`id`, `affiliate_id`, `user_id`, `age`, `age_or_date`, `state`, `month`, `day`, `year`, `gender`, `term`, `tobacco`, `benefit`, `period`, `category`, `created_at`, `updated_at`)
VALUES
	(47,2,176,30,'age','MI',4,27,1989,'M',30,'N',200,0,1,'2019-04-27 16:41:48','2019-04-27 16:41:48'),
	(48,2,176,30,'age','MI',4,27,1989,'M',30,'N',450,0,1,'2019-04-27 16:42:50','2019-04-27 16:42:50'),
	(161,1,8,32,'age','MI',5,3,1987,'M',10,'N',450,0,1,'2019-05-02 17:31:27','2019-05-02 17:31:27'),
	(164,1,8,50,'age','MI',1,1,1968,'M',10,'N',50,0,1,'2019-05-07 10:39:46','2019-05-07 10:39:46');

/*!40000 ALTER TABLE `quotes_user` ENABLE KEYS */;
UNLOCK TABLES;


# Dump of table role_user
# ------------------------------------------------------------


LOCK TABLES `role_user` WRITE;
/*!40000 ALTER TABLE `role_user` DISABLE KEYS */;

INSERT INTO `role_user` (`id`, `role_id`, `user_id`)
VALUES
	(1,5,7),
	(2,5,8),
	(3,4,9),
	(4,4,148),
	(5,4,150),
	(6,4,153),
	(7,3,152),
	(8,3,151),
	(9,3,149),
	(10,3,146),
	(11,3,145),
	(12,3,144),
	(13,3,143),
	(14,3,6),
	(15,3,154),
	(16,2,1),
	(17,2,2),
	(18,2,5);

/*!40000 ALTER TABLE `role_user` ENABLE KEYS */;
UNLOCK TABLES;


# Dump of table roles
# ------------------------------------------------------------



LOCK TABLES `roles` WRITE;
/*!40000 ALTER TABLE `roles` DISABLE KEYS */;

INSERT INTO `roles` (`id`, `name`, `description`, `created_at`, `updated_at`)
VALUES
	(1,'super','Super over all','2019-04-15 14:14:50','2019-04-15 14:14:50'),
	(2,'affiliate','Affiliate Role','2019-04-15 14:14:50','2019-04-15 14:14:50'),
	(3,'admin','Admin over Group','2019-04-15 14:14:50','2019-04-15 14:14:50'),
	(4,'manager','Manager over Group','2019-04-15 14:14:50','2019-04-15 14:14:50'),
	(5,'user','Product User','2019-04-15 14:14:50','2019-04-15 14:14:50');

/*!40000 ALTER TABLE `roles` ENABLE KEYS */;
UNLOCK TABLES;


# Dump of table sessions
# ------------------------------------------------------------




# Dump of table subdomains
# ------------------------------------------------------------



# Dump of table subscription_user
# ------------------------------------------------------------


LOCK TABLES `subscription_user` WRITE;
/*!40000 ALTER TABLE `subscription_user` DISABLE KEYS */;

INSERT INTO `subscription_user` (`id`, `subscription_id`, `user_id`, `name`, `next_billing_at`, `product_id`, `interval_unit`, `amount`, `currency_symbol`, `product_name`, `auto_collect`, `sub_total`, `status`, `customer_id`, `created_at`, `updated_at`)
VALUES
	(48,'1616760000000173672','9','Mobile Quoter-Mobile Quoter','2020-01-17','1616760000000071001','years','60','$','Mobile Quoter','1','60',NULL,'1616760000000173674','2019-01-18 15:59:17','2019-01-18 15:59:17'),
	(49,'1616760000000173672','10','Mobile Quoter-Mobile Quoter','2020-01-17','1616760000000071001','years','60','$','Mobile Quoter','1','60',NULL,'1616760000000173674','2019-01-18 16:02:52','2019-01-18 16:02:52'),
	(50,'1616760000000173672','11','Mobile Quoter-Mobile Quoter','2020-01-17','1616760000000071001','years','60','$','Mobile Quoter','1','60',NULL,'1616760000000173674','2019-01-18 16:06:17','2019-01-18 16:06:17'),
	(51,'1616760000000173672','12','Mobile Quoter-Mobile Quoter','2020-01-17','1616760000000071001','years','60','$','Mobile Quoter','1','60',NULL,'1616760000000173674','2019-01-18 16:55:38','2019-01-18 16:55:38'),
	(52,'1616760000000173672','13','Mobile Quoter-Mobile Quoter','2020-01-17','1616760000000071001','years','60','$','Mobile Quoter','1','60',NULL,'1616760000000173674','2019-01-18 16:56:38','2019-01-18 16:56:38'),
	(53,'1616760000000183015','14','Mobile Quoter-Mobile Quoter','2020-01-18','1616760000000071001','years','60','$','Mobile Quoter','1','60',NULL,'1616760000000183017','2019-01-18 22:02:10','2019-01-18 22:02:10'),
	(54,'1616760000000183249','16','Mobile Quoter-Mobile Quoter','2020-01-18','1616760000000071001','years','60','$','Mobile Quoter','1','60',NULL,'1616760000000183251','2019-01-18 22:42:37','2019-01-18 22:42:37'),
	(55,'1616760000000183365','17','Mobile Quoter-Mobile Quoter','2020-01-18','1616760000000071001','years','60','$','Mobile Quoter','1','60',NULL,'1616760000000183367','2019-01-18 22:48:23','2019-01-18 22:48:23'),
	(56,'1616760000000183490','18','Mobile Quoter-Mobile Quoter','2020-01-20','1616760000000071001','years','60','$','Mobile Quoter','1','60',NULL,'1616760000000183492','2019-01-20 15:58:00','2019-01-20 15:58:00'),
	(57,'1616760000000183612','19','Mobile Quoter-Mobile Quoter','2020-01-20','1616760000000071001','years','60','$','Mobile Quoter','1','60',NULL,'1616760000000183614','2019-01-20 22:33:52','2019-01-20 22:33:52'),
	(58,'1616760000000183734','20','Mobile Quoter-Mobile Quoter','2020-01-20','1616760000000071001','years','60','$','Mobile Quoter','1','60',NULL,'1616760000000183736','2019-01-20 22:42:46','2019-01-20 22:42:46'),
	(59,'1616760000000183734','22','Mobile Quoter-Mobile Quoter','2020-01-20','1616760000000071001','years','60','$','Mobile Quoter','1','60',NULL,'1616760000000183736','2019-01-20 22:44:28','2019-01-20 22:44:28'),
	(60,'1616760000000183734','23','Mobile Quoter-Mobile Quoter','2020-01-20','1616760000000071001','years','60','$','Mobile Quoter','1','60',NULL,'1616760000000183736','2019-01-20 22:52:46','2019-01-20 22:52:46'),
	(61,'1616760000000183734','24','Mobile Quoter-Mobile Quoter','2020-01-20','1616760000000071001','years','60','$','Mobile Quoter','1','60',NULL,'1616760000000183736','2019-01-20 22:56:45','2019-01-20 22:56:45'),
	(62,'1616760000000183734','25','Mobile Quoter-Mobile Quoter','2020-01-20','1616760000000071001','years','60','$','Mobile Quoter','1','60',NULL,'1616760000000183736','2019-01-20 22:57:54','2019-01-20 22:57:54'),
	(63,'1616760000000183863','26','Mobile Quoter-Mobile Quoter','2020-01-21','1616760000000071001','years','60','$','Mobile Quoter','1','60',NULL,'1616760000000183865','2019-01-21 17:00:19','2019-01-21 17:00:19'),
	(64,'1616760000000183993','27','Mobile Quoter-Mobile Quoter','2020-01-21','1616760000000071001','years','60','$','Mobile Quoter','1','60',NULL,'1616760000000183995','2019-01-21 21:01:52','2019-01-21 21:01:52'),
	(65,'1616760000000188011','28','Mobile Quoter-Mobile Quoter','2020-01-21','1616760000000071001','years','60','$','Mobile Quoter','1','60',NULL,'1616760000000188013','2019-01-22 00:26:55','2019-01-22 00:26:55'),
	(66,'1616760000000186144','29','Mobile Quoter-Mobile Quoter','2020-01-21','1616760000000071001','years','60','$','Mobile Quoter','1','60',NULL,'1616760000000186146','2019-01-22 13:28:31','2019-01-22 13:28:31'),
	(67,'1616760000000193939','30','Mobile Quoter-Mobile Quoter','2020-01-22','1616760000000071001','years','60','$','Mobile Quoter','1','60',NULL,'1616760000000193941','2019-01-22 16:32:38','2019-01-22 16:32:38'),
	(68,'1616760000000200174','31','Mobile Quoter-Mobile Quoter','2020-01-23','1616760000000071001','years','60','$','Mobile Quoter','1','60',NULL,'1616760000000200176','2019-01-23 15:40:47','2019-01-23 15:40:47'),
	(69,'1616760000000200412','32','Mobile Quoter-Mobile Quoter','2020-01-23','1616760000000071001','years','60','$','Mobile Quoter','1','60',NULL,'1616760000000200414','2019-01-23 17:45:33','2019-01-23 17:45:33'),
	(70,'1616760000000200578','33','Mobile Quoter-Mobile Quoter','2020-01-23','1616760000000071001','years','60','$','Mobile Quoter','1','60',NULL,'1616760000000200580','2019-01-23 22:30:38','2019-01-23 22:30:38'),
	(71,'1616760000000200720','34','Mobile Quoter-Mobile Quoter','2020-01-23','1616760000000071001','years','60','$','Mobile Quoter','1','60',NULL,'1616760000000200722','2019-01-24 00:21:52','2019-01-24 00:21:52'),
	(72,'1616760000000200864','35','Mobile Quoter-Mobile Quoter','2020-01-23','1616760000000071001','years','60','$','Mobile Quoter','1','60',NULL,'1616760000000200866','2019-01-24 00:28:51','2019-01-24 00:28:51'),
	(73,'1616760000000205041','36','Mobile Quoter-Mobile Quoter','2020-01-23','1616760000000071001','years','60','$','Mobile Quoter','1','60',NULL,'1616760000000205043','2019-01-24 00:40:01','2019-01-24 00:40:01'),
	(74,'1616760000000205185','37','Mobile Quoter-Mobile Quoter','2020-01-23','1616760000000071001','years','60','$','Mobile Quoter','1','60',NULL,'1616760000000205187','2019-01-24 00:51:43','2019-01-24 00:51:43'),
	(75,'1616760000000205329','38','Mobile Quoter-Mobile Quoter','2020-01-23','1616760000000071001','years','60','$','Mobile Quoter','1','60',NULL,'1616760000000205331','2019-01-24 01:05:45','2019-01-24 01:05:45'),
	(76,'1616760000000207011','39','Mobile Quoter-Mobile Quoter','2020-01-24','1616760000000071001','years','60','$','Mobile Quoter','1','60',NULL,'1616760000000207013','2019-01-24 17:50:30','2019-01-24 17:50:30'),
	(77,'1616760000000207214','40','Mobile Quoter-Mobile Quoter','2020-01-24','1616760000000071001','years','60','$','Mobile Quoter','1','60',NULL,'1616760000000207216','2019-01-24 18:34:34','2019-01-24 18:34:34'),
	(78,'1616760000000211062','41','Mobile Quoter-Mobile Quoter','2020-01-25','1616760000000071001','years','60','$','Mobile Quoter','1','60',NULL,'1616760000000211064','2019-01-25 17:10:44','2019-01-25 17:10:44'),
	(79,'1616760000000215258','42','Mobile Quoter-Mobile Quoter','2020-01-25','1616760000000071001','years','60','$','Mobile Quoter','1','60',NULL,'1616760000000215260','2019-01-25 22:47:57','2019-01-25 22:47:57'),
	(80,'1616760000000215534','43','Mobile Quoter-Mobile Quoter','2020-01-25','1616760000000071001','years','60','$','Mobile Quoter','1','60',NULL,'1616760000000215536','2019-01-25 23:31:14','2019-01-25 23:31:14'),
	(81,'1616760000000215755','44','Mobile Quoter-Mobile Quoter','2020-01-25','1616760000000071001','years','60','$','Mobile Quoter','1','60',NULL,'1616760000000215757','2019-01-25 23:45:12','2019-01-25 23:45:12'),
	(82,'1616760000000215877','45','Mobile Quoter-Mobile Quoter','2020-01-25','1616760000000071001','years','60','$','Mobile Quoter','1','60',NULL,'1616760000000215879','2019-01-25 23:48:10','2019-01-25 23:48:10'),
	(83,'1616760000000219159','46','Mobile Quoter-Mobile Quoter','2020-01-25','1616760000000071001','years','60','$','Mobile Quoter','1','60',NULL,'1616760000000219161','2019-01-26 00:31:51','2019-01-26 00:31:51'),
	(84,'1612310000000138013','47','Mobile Quoter-Mobile Quoter','2020-01-25','1612310000000125083','years','60','$','Mobile Quoter','1','60',NULL,'1612310000000138015','2019-01-26 01:00:17','2019-01-26 01:00:17'),
	(85,'1612310000000158019','49','Mobile Quoter-Mobile Quoter','2020-02-18','1612310000000125083','years','60','$','Mobile Quoter','','60',NULL,'1612310000000163026','2019-02-18 22:08:31','2019-02-18 22:08:31'),
	(86,'1612310000000161170','50','Mobile Quoter-Mobile Quoter','2020-02-18','1612310000000125083','years','60','$','Mobile Quoter','','60',NULL,'1612310000000163013','2019-02-18 22:14:17','2019-02-18 22:14:17'),
	(87,'1612310000000161251','51','Mobile Quoter-Mobile Quoter','2020-02-18','1612310000000125083','years','60','$','Mobile Quoter','','60',NULL,'1612310000000162964','2019-02-18 22:31:39','2019-02-18 22:31:39'),
	(88,'1612310000000161344','53','Mobile Quoter-Mobile Quoter','2020-02-18','1612310000000125083','years','60','$','Mobile Quoter','','60',NULL,'1612310000000162951','2019-02-18 23:53:06','2019-02-18 23:53:06'),
	(89,'1612310000000161478','54','Mobile Quoter-Mobile Quoter','2020-02-18','1612310000000125083','years','60','$','Mobile Quoter','','60',NULL,'1612310000000162925','2019-02-19 00:08:21','2019-02-19 00:08:21'),
	(90,'1612310000000161545','55','Mobile Quoter-Mobile Quoter','2020-02-18','1612310000000125083','years','60','$','Mobile Quoter','','60',NULL,'1612310000000162912','2019-02-19 00:09:44','2019-02-19 00:09:44'),
	(91,'1612310000000161610','56','Mobile Quoter-Mobile Quoter','2020-02-18','1612310000000125083','years','60','$','Mobile Quoter','','60',NULL,'1612310000000162899','2019-02-19 00:09:52','2019-02-19 00:09:52'),
	(92,'1612310000000161677','57','Mobile Quoter-Mobile Quoter','2020-02-18','1612310000000125083','years','60','$','Mobile Quoter','','60',NULL,'1612310000000162886','2019-02-19 00:10:14','2019-02-19 00:10:14'),
	(93,'1612310000000161746','58','Mobile Quoter-Mobile Quoter','2019-06-06','1612310000000125083','years','60','$','Mobile Quoter','','60',NULL,'1612310000000162873','2019-02-19 00:15:52','2019-02-19 00:15:52'),
	(94,'1612310000000161776','59','Mobile Quoter-Mobile Quoter','2019-05-01','1612310000000125083','years','60','$','Mobile Quoter','','60',NULL,'1612310000000162860','2019-02-19 00:28:48','2019-02-19 00:28:48'),
	(95,'1612310000000161804','60','Mobile Quoter-Mobile Quoter','2020-01-08','1612310000000125083','years','60','$','Mobile Quoter','','60',NULL,'1612310000000162847','2019-02-19 00:29:01','2019-02-19 00:29:01'),
	(96,'1612310000000167363','69','Mobile Quoter-Mobile Quoter','2019-10-31','1612310000000125083','years','60','$','Mobile Quoter','','60',NULL,'1612310000000162834','2019-02-19 01:07:39','2019-02-19 01:07:39'),
	(97,'1612310000000167424','70','Mobile Quoter-Mobile Quoter','2019-06-19','1612310000000125083','years','60','$','Mobile Quoter','','60',NULL,'1612310000000162821','2019-02-19 01:09:12','2019-02-19 01:09:12'),
	(98,'1612310000000167485','72','Mobile Quoter-Mobile Quoter','2019-10-26','1612310000000125083','years','60','$','Mobile Quoter','','60',NULL,'1612310000000162808','2019-02-19 01:10:13','2019-02-19 01:10:13'),
	(99,'1612310000000167546','73','Mobile Quoter-Mobile Quoter','2019-08-09','1612310000000125083','years','60','$','Mobile Quoter','','60',NULL,'1612310000000162795','2019-02-19 01:11:46','2019-02-19 01:11:46'),
	(100,'1612310000000167607','74','Mobile Quoter-Mobile Quoter','2019-07-21','1612310000000125083','years','60','$','Mobile Quoter','','60',NULL,'1612310000000162782','2019-02-19 01:12:56','2019-02-19 01:12:56'),
	(101,'1612310000000167717','75','Mobile Quoter-Mobile Quoter','2019-05-01','1612310000000125083','years','60','$','Mobile Quoter','','60',NULL,'1612310000000162756','2019-02-19 01:15:26','2019-02-19 01:15:26'),
	(102,'1612310000000167778','76','Mobile Quoter-Mobile Quoter','2019-12-20','1612310000000125083','years','60','$','Mobile Quoter','','60',NULL,'1612310000000162743','2019-02-19 01:17:32','2019-02-19 01:17:32'),
	(103,'1612310000000167839','77','Mobile Quoter-Mobile Quoter','2019-09-24','1612310000000125083','years','60','$','Mobile Quoter','','60',NULL,'1612310000000162730','2019-02-19 01:18:48','2019-02-19 01:18:48'),
	(104,'1612310000000167900','78','Mobile Quoter-Mobile Quoter','2019-06-15','1612310000000125083','years','60','$','Mobile Quoter','','60',NULL,'1612310000000162717','2019-02-19 01:22:39','2019-02-19 01:22:39'),
	(105,'1612310000000167961','79','Mobile Quoter-Mobile Quoter','2019-12-29','1612310000000125083','years','60','$','Mobile Quoter','','60',NULL,'1612310000000162704','2019-02-19 01:22:45','2019-02-19 01:22:45'),
	(106,'1612310000000168020','80','Mobile Quoter-Mobile Quoter','2019-05-01','1612310000000125083','years','60','$','Mobile Quoter','','60',NULL,'1612310000000162691','2019-02-19 01:22:52','2019-02-19 01:22:52'),
	(107,'1612310000000168081','81','Mobile Quoter-Mobile Quoter','2019-12-06','1612310000000125083','years','60','$','Mobile Quoter','','60',NULL,'1612310000000162678','2019-02-19 01:23:26','2019-02-19 01:23:26'),
	(108,'1612310000000179011','125','Mobile Quoter-Mobile Quoter','2020-02-19','1612310000000125083','years','60','$','Mobile Quoter','1','60',NULL,'1612310000000179013','2019-02-20 07:59:55','2019-02-20 07:59:55'),
	(109,'1612310000000188011','126','Mobile Quoter-Mobile Quoter','2020-02-22','1612310000000125083','years','60','$','Mobile Quoter','1','60',NULL,'1612310000000188013','2019-02-23 13:03:46','2019-02-23 13:03:46'),
	(110,'1612310000000192011','127','Mobile Quoter-Mobile Quoter','2020-02-27','1612310000000125083','years','60','$','Mobile Quoter','1','60',NULL,'1612310000000192013','2019-02-28 02:31:50','2019-02-28 02:31:50'),
	(111,'1612310000000200011','128','Mobile Quoter-Mobile Quoter','2020-03-04','1612310000000125083','years','60','$','Mobile Quoter','1','60',NULL,'1612310000000200013','2019-03-04 23:28:55','2019-03-04 23:28:55'),
	(112,'1612310000000214013','129','Mobile Quoter-Mobile Quoter','2020-03-15','1612310000000125083','years','60','$','Mobile Quoter','1','60',NULL,'1612310000000214015','2019-03-15 21:12:23','2019-03-15 21:12:23');

/*!40000 ALTER TABLE `subscription_user` ENABLE KEYS */;
UNLOCK TABLES;


# Dump of table support_videos
# ------------------------------------------------------------



LOCK TABLES `support_videos` WRITE;
/*!40000 ALTER TABLE `support_videos` DISABLE KEYS */;

INSERT INTO `support_videos` (`id`, `caption`, `url`, `image`, `preferred`, `created_at`, `updated_at`)
VALUES
	(1,'General Setup','https://player.vimeo.com/video/317978590','https://i.vimeocdn.com/video/760316423.webp?mw=800&mh=600',1,'2019-02-22 00:00:00','2019-02-22 00:00:00'),
	(2,'Product Input','https://player.vimeo.com/video/317978934','https://i.vimeocdn.com/video/760316274.webp?mw=900&mh=600',1,'2019-02-22 00:00:00','2019-02-22 00:00:00'),
	(3,'FE','https://player.vimeo.com/video/317984214','https://i.vimeocdn.com/video/760316115.webp?mw=900&mh=600',1,'2019-02-22 00:00:00','2019-02-22 00:00:00'),
	(4,'SI Term','https://player.vimeo.com/video/317978934','https://i.vimeocdn.com/video/760315980.webp?mw=900&mh=600',1,'2019-02-22 00:00:00','2019-02-22 00:00:00'),
	(5,'Term Life','https://player.vimeo.com/video/317986659','https://i.vimeocdn.com/video/760315833.webp?mw=900&mh=600',1,'2019-02-22 00:00:00','2019-02-22 00:00:00');

/*!40000 ALTER TABLE `support_videos` ENABLE KEYS */;
UNLOCK TABLES;


# Dump of table telescope_entries
# ------------------------------------------------------------




/*!40000 ALTER TABLE `telescope_entries` ENABLE KEYS */;
UNLOCK TABLES;


# Dump of table telescope_entries_tags
# ------------------------------------------------------------


LOCK TABLES `telescope_entries_tags` WRITE;
/*!40000 ALTER TABLE `telescope_entries_tags` DISABLE KEYS */;


/*!40000 ALTER TABLE `telescope_entries_tags` ENABLE KEYS */;
UNLOCK TABLES;


# Dump of table telescope_monitoring
# ------------------------------------------------------------


# Dump of table user_events
# ------------------------------------------------------------



# Dump of table user_permissions
# ------------------------------------------------------------


# Dump of table users
# ------------------------------------------------------------



LOCK TABLES `users` WRITE;
/*!40000 ALTER TABLE `users` DISABLE KEYS */;

INSERT INTO `users` (`id`, `name`, `email`, `password`, `remember_token`, `created_at`, `updated_at`, `fname`, `lname`, `time_zone`, `type_id`, `affiliate_id`, `typeable_id`, `typeable_type`, `active`, `last_login_at`, `login_at`)
VALUES
	(1,'Agent Quote','agentquote@affiliate.com','$2y$10$er.kfrI4HwkJVnJ0lRpZre0gW9t43OYb.sntDHHqmPwKXvTgo42n6','KF3LgXZW8ONCwiPqDFOzASSzjNaSv1YTmZgk7y8NKlCMaqpGaPHPE8kExx3s','2018-11-28 16:46:09','2019-05-07 06:01:14','Demo','One',NULL,2,1,NULL,NULL,1,'2019-05-03 17:14:15','2019-05-06 06:13:39'),
	(2,'Legacy','legacy@example.com','$2y$10$S0Yn11X4RR0N.I8MYAV03uNV3oZbZF6WZB5Tg/SHFts5qG1NOwAnG','9UzDuBTbzzVoEUzz9vizI3YtZFEab3oQ0x5HI5vH2GbsaToBYHNXd5w3569T','2018-11-28 16:46:53','2019-05-07 06:01:34','Demo','Two',NULL,2,2,NULL,NULL,0,NULL,NULL),
	(5,'Frank Decker','frank@tester.com','$2y$10$er.kfrI4HwkJVnJ0lRpZre0gW9t43OYb.sntDHHqmPwKXvTgo42n6','8xEU5xU19BuiQ7nWZR70qwN1UpDPeX7kHXjrfzZtqspmnbWMSlrZHMNsbYYs','2019-03-18 08:23:34','2019-05-07 06:27:31','Frank','Decker',NULL,1,0,NULL,NULL,1,'2019-05-07 06:27:20','2019-05-07 06:27:31'),
	(6,'Frankie Decker','frankie@test.com','$2y$10$er.kfrI4HwkJVnJ0lRpZre0gW9t43OYb.sntDHHqmPwKXvTgo42n6','QdQyPFYdIlNRrwntFqzeRMYnDol46nFaaoNc2KBD0hKG5TEJw76etG8kGmSB','2019-03-18 08:23:34','2019-04-24 11:49:05','Frankie','Decker',NULL,3,1,NULL,NULL,1,NULL,NULL),
	(7,'Jade Decker','Jade@test.com','$2y$10$Owj4BBXb1Hbosc9F2BX4zOWQVrWXF6HJPGEr4rWYEPzMB4dDkEGLS','kMEz0ix1bGMMOthPKtmsJSWxykBiPnnCEVYY2ZysVEAKbYV727jAxIBE4riT','2019-03-18 08:23:34','2019-05-07 05:50:50','Jade','Decker',NULL,5,1,NULL,NULL,0,'2019-04-26 15:24:21','2019-04-26 15:53:26'),
	(8,'Sarah Deckers','sarah@test.com','$2y$10$D0Wrd7kpG1nMogRaxN5onu.ach7Id2fJhQ7SlQEDvMG7m6g/ggT8y','J1RVNDhGDu2TAuuSStpFHCuwDqo8cBdLNs7UzHeYpuHl73ikKEuT8L4wf5JT','2019-03-18 08:23:34','2019-05-07 10:39:55','Sarah','Decker',NULL,5,1,NULL,NULL,1,'2019-05-07 10:37:06','2019-05-07 10:38:03'),
	(9,'Samuel Decker 5','samuel@test.com','$2y$10$er.kfrI4HwkJVnJ0lRpZre0gW9t43OYb.sntDHHqmPwKXvTgo42n6','C4KquCUwNJSO7yB5iPVf5PqkyYvD2QRx6JT9EtS7S5JaYJhUjWeQWC1NBTba','2019-03-18 08:23:34','2019-05-07 06:21:27','Samuel','Decker',NULL,3,1,NULL,NULL,1,'2019-05-02 17:34:11','2019-05-07 06:21:27'),
	(169,'DDAA adsfas3','delanosadddfdfdn@gmail.com','$2y$10$er.kfrI4HwkJVnJ0lRpZre0gW9t43OYb.sntDHHqmPwKXvTgo42n6',NULL,'2019-04-25 08:30:40','2019-05-06 15:35:57','DDAA','adsfas3',NULL,5,1,NULL,NULL,1,'2019-04-26 15:23:17','2019-04-26 15:53:26'),
	(170,'aaaad adsfasd34adsfads','asdfa34asdf@adfadsf.com','$2y$10$jLz7VtBsrBJnTsj/jtYR4uZRt2zE5EeYYeQ6CJJYyhE/RIEY/uEAy',NULL,'2019-04-25 08:33:32','2019-05-06 15:38:29','aaaad','adsfasd34adsfads',NULL,5,1,NULL,NULL,1,'2019-04-26 15:23:17','2019-04-26 15:53:26'),
	(171,'erere erreee','eerere@test.com','$2y$10$xA/R9DwoN0IsccxMOg4KCuZoQiMmiB02J3H.5n6tfNJBQ1wm4ToVa',NULL,'2019-04-25 08:34:55','2019-05-06 15:39:37','erere','erreee',NULL,5,1,NULL,NULL,0,'2019-04-26 15:23:17','2019-04-26 15:53:26'),
	(172,'adsfa232a a34adfadrqa34','adsrf34adsfasd@test.com','$2y$10$u50sevhvyWxYn3OL6itw7ejsuC9pRQ0MpsO/9eieI01XyUs6leW2u',NULL,'2019-04-25 08:36:26','2019-05-06 15:34:49','adsfa232a','a34adfadrqa34',NULL,5,1,NULL,NULL,1,'2019-04-26 15:23:17','2019-04-26 15:53:26'),
	(173,'eeerfadsfads 3eadfasdf','ads34asdfasdf@test.com','$2y$10$6oz7Tpxq.GDp1/jvo3AKfOaxgqSo.mRdcbmkjk78de8R5C97BQFXK',NULL,'2019-04-25 08:41:13','2019-05-06 15:42:28','eeerfadsfads','3eadfasdf',NULL,5,1,NULL,NULL,1,'2019-04-26 15:23:17','2019-04-26 15:53:26'),
	(175,'bbbb ccccc','asdfasdfasd@test.com','$2y$10$0GmINhBraL/nFf82Z2PNOesdeeqQFy.qEr5v30fEn.eB03X4xD1Zm',NULL,'2019-04-25 08:43:38','2019-05-06 15:59:25','bbbb','ccccc',NULL,5,1,NULL,NULL,0,'2019-04-26 15:23:17','2019-04-26 15:53:26'),
	(176,'bbbb nnnn','bbbbnnn@test.com','$2y$10$TOdngcbK9nveFmTLXiQmgeQVDCf54ssOXZonMjlXbtZHu17G156Jq',NULL,'2019-04-25 08:45:10','2019-04-25 08:45:10','Bbbb','Nnnn',NULL,4,1,NULL,NULL,1,'2019-04-26 15:23:17','2019-04-26 15:53:26'),
	(177,'Tony Sarlese','tsarlese@agentquote.com','$2y$10$lPcNGQzse8sbrqkHk8X7LuPkUsUOs37t7wdEYcmvWYOqHk2FcfoHa',NULL,'2019-04-26 16:07:11','2019-04-26 16:07:11','Tony','Sarlese',NULL,4,1,NULL,NULL,1,'2019-04-26 15:23:17','2019-04-26 15:53:26'),
	(178,'Franklin Manger1','fmanger1@test.com','$2y$10$33KbINO0kS/MIBAK3b04ou//Ed12MKo8TRd.S/RX6yH.qwfpzRED.',NULL,'2019-04-29 15:45:40','2019-04-29 15:45:40','Franklin','Manger1',NULL,3,1,NULL,NULL,1,NULL,NULL);

/*!40000 ALTER TABLE `users` ENABLE KEYS */;
UNLOCK TABLES;

/*!40111 SET SQL_NOTES=@OLD_SQL_NOTES */;
/*!40101 SET SQL_MODE=@OLD_SQL_MODE */;
/*!40014 SET FOREIGN_KEY_CHECKS=@OLD_FOREIGN_KEY_CHECKS */;
/*!40101 SET CHARACTER_SET_CLIENT=@OLD_CHARACTER_SET_CLIENT */;
/*!40101 SET CHARACTER_SET_RESULTS=@OLD_CHARACTER_SET_RESULTS */;
/*!40101 SET COLLATION_CONNECTION=@OLD_COLLATION_CONNECTION */;
